,Day-Ahead Prices
0,-5.17
1,-1.07
2,-1.47
3,-5.08
4,-4.49
5,-5.4
6,-5.02
7,-1.3
8,-1.44
9,-1.09
10,-1.07
11,-1.07
12,-0.79
13,-0.27
14,0.85
15,23.53
16,36.54
17,46.03
18,55.57
19,54.95
20,49.23
21,44.99
22,45.96
23,35.0
24,57.91
25,51.67
26,52.93
27,44.09
28,50.08
29,69.72
30,105.08
31,140.64
32,145.98
33,147.05
34,145.61
35,143.35
36,144.38
37,143.76
38,148.2
39,155.34
40,162.89
41,170.0
42,174.74
43,164.46
44,153.0
45,141.67
46,134.91
47,124.22
48,130.01
49,120.0
50,118.76
51,115.0
52,113.63
53,116.27
54,138.92
55,159.92
56,169.17
57,171.18
58,168.57
59,169.49
60,164.5
61,160.91
62,163.06
63,167.73
64,166.61
65,170.72
66,168.93
67,160.99
68,149.62
69,130.99
70,114.27
71,93.66
72,80.89
73,70.67
74,40.0
75,8.68
76,0.85
77,11.02
78,61.02
79,79.2
80,84.2
81,83.32
82,70.07
83,79.74
84,80.89
85,79.72
86,80.22
87,79.74
88,80.82
89,86.16
90,72.28
91,66.61
92,43.2
93,31.25
94,34.96
95,9.09
96,0.05
97,0.07
98,0.07
99,0.12
100,2.23
101,10.07
102,61.04
103,87.19
104,95.84
105,125.55
106,131.92
107,143.07
108,140.91
109,142.58
110,151.03
111,159.48
112,172.73
113,194.7
114,194.67
115,177.98
116,163.99
117,152.0
118,144.64
119,127.0
120,107.21
121,101.1
122,96.73
123,82.34
124,81.93
125,84.03
126,97.25
127,106.51
128,120.7
129,116.86
130,112.85
131,113.37
132,115.0
133,109.78
134,119.71
135,125.83
136,139.57
137,155.93
138,163.5
139,146.74
140,139.38
141,131.8
142,129.94
143,121.3
144,97.15
145,98.43
146,96.05
147,87.97
148,82.99
149,83.59
150,90.76
151,103.21
152,111.86
153,112.0
154,100.0
155,88.32
156,87.9
157,94.05
158,88.98
159,85.56
160,94.1
161,96.81
162,99.52
163,94.58
164,87.86
165,61.47
166,50.0
167,38.25
168,10.93
169,9.07
170,9.1
171,4.16
172,5.58
173,9.92
174,9.02
175,16.47
176,49.42
177,82.8
178,93.7
179,103.87
180,101.69
181,99.0
182,104.29
183,103.64
184,109.11
185,118.04
186,122.61
187,109.11
188,103.93
189,98.43
190,99.37
191,81.34
192,75.13
193,64.38
194,60.28
195,39.41
196,47.25
197,69.07
198,107.13
199,160.0
200,180.0
201,177.14
202,159.07
203,160.57
204,140.56
205,137.67
206,143.57
207,151.02
208,161.96
209,176.07
210,182.18
211,170.79
212,160.51
213,138.93
214,132.0
215,108.31
216,106.02
217,96.71
218,95.14
219,90.36
220,95.61
221,108.6
222,138.13
223,154.73
224,165.33
225,160.42
226,154.73
227,146.45
228,141.22
229,141.68
230,145.41
231,145.92
232,140.5
233,146.34
234,140.45
235,124.44
236,106.15
237,86.53
238,81.3
239,42.96
240,5.0
241,0.16
242,0.08
243,0.01
244,0.04
245,2.75
246,57.88
247,91.11
248,127.44
249,129.74
250,131.71
251,130.02
252,117.47
253,110.54
254,115.74
255,117.7
256,119.2
257,132.39
258,132.88
259,127.8
260,114.56
261,93.47
262,91.71
263,68.54
264,19.88
265,5.55
266,4.69
267,0.1
268,2.03
269,24.94
270,85.72
271,111.55
272,106.83
273,97.83
274,84.74
275,87.38
276,75.88
277,81.84
278,88.2
279,95.18
280,99.08
281,112.01
282,119.49
283,100.79
284,99.35
285,84.77
286,70.43
287,39.57
288,32.64
289,16.99
290,9.0
291,2.02
292,2.61
293,25.26
294,54.74
295,87.88
296,105.95
297,100.64
298,94.85
299,84.93
300,76.53
301,70.24
302,73.55
303,79.85
304,85.31
305,96.9
306,96.97
307,95.91
308,84.94
309,76.89
310,76.51
311,68.3
312,25.68
313,34.62
314,44.7
315,41.23
316,40.7
317,40.68
318,45.1
319,53.14
320,52.34
321,54.16
322,50.47
323,55.01
324,48.91
325,25.25
326,13.42
327,9.05
328,9.04
329,11.04
330,13.69
331,6.84
332,9.03
333,9.07
334,5.9
335,5.19
336,3.94
337,1.71
338,4.1
339,2.65
340,2.87
341,4.01
342,1.58
343,1.74
344,9.08
345,10.31
346,9.01
347,8.03
348,6.76
349,0.42
350,0.29
351,0.32
352,0.46
353,1.25
354,26.95
355,25.27
356,12.17
357,19.69
358,32.14
359,37.47
360,60.01
361,60.01
362,62.72
363,56.1
364,63.3
365,87.0
366,154.63
367,175.11
368,185.99
369,170.0
370,150.2
371,150.89
372,147.04
373,140.87
374,141.24
375,145.69
376,150.81
377,166.79
378,173.72
379,150.5
380,136.97
381,127.74
382,123.24
383,109.4
384,98.24
385,94.61
386,91.91
387,89.51
388,91.77
389,100.0
390,116.96
391,140.8
392,151.96
393,136.1
394,126.17
395,122.75
396,116.07
397,129.56
398,146.05
399,163.85
400,180.05
401,188.83
402,176.9
403,175.56
404,154.02
405,146.26
406,139.94
407,127.73
408,122.85
409,124.68
410,124.64
411,122.87
412,119.91
413,126.6
414,152.72
415,171.69
416,188.67
417,183.11
418,161.25
419,152.45
420,140.87
421,141.24
422,142.33
423,152.69
424,153.81
425,164.64
426,158.96
427,133.55
428,137.48
429,131.47
430,128.99
431,112.68
432,111.53
433,106.98
434,104.97
435,101.72
436,99.14
437,110.95
438,118.22
439,149.62
440,159.93
441,155.88
442,154.81
443,138.63
444,150.07
445,154.87
446,160.49
447,179.1
448,186.29
449,198.73
450,197.57
451,186.29
452,169.93
453,159.77
454,162.14
455,139.5
456,146.89
457,144.5
458,142.44
459,142.8
460,144.98
461,150.5
462,176.01
463,208.07
464,235.06
465,221.7
466,209.77
467,201.52
468,189.26
469,181.63
470,182.36
471,192.0
472,200.0
473,208.22
474,208.4
475,197.0
476,175.7
477,166.37
478,163.1
479,147.55
480,144.13
481,140.06
482,140.19
483,133.74
484,131.24
485,132.06
486,130.47
487,140.25
488,152.48
489,171.66
490,170.01
491,156.94
492,147.91
493,137.02
494,136.58
495,135.9
496,144.22
497,173.92
498,178.89
499,143.52
500,138.53
501,136.04
502,131.88
503,117.76
504,127.6
505,119.01
506,116.77
507,118.35
508,122.12
509,117.79
510,127.6
511,127.6
512,137.51
513,145.82
514,151.28
515,161.75
516,161.55
517,150.0
518,154.9
519,157.49
520,171.03
521,191.99
522,202.07
523,199.19
524,179.01
525,170.77
526,162.86
527,153.56
528,148.96
529,149.0
530,148.4
531,147.59
532,149.88
533,150.32
534,189.96
535,226.54
536,257.92
537,270.22
538,249.94
539,230.23
540,220.95
541,219.18
542,219.69
543,218.99
544,224.58
545,248.9
546,248.07
547,223.19
548,203.53
549,184.01
550,172.09
551,163.48
552,164.85
553,160.07
554,154.79
555,149.05
556,153.65
557,163.34
558,183.61
559,210.08
560,251.1
561,256.43
562,238.66
563,229.98
564,217.92
565,206.05
566,215.28
567,217.98
568,224.58
569,250.0
570,250.0
571,231.15
572,214.02
573,187.37
574,172.43
575,162.24
576,149.17
577,150.83
578,150.71
579,147.57
580,146.7
581,150.85
582,170.6
583,200.09
584,225.04
585,225.0
586,212.42
587,200.98
588,193.2
589,185.2
590,191.7
591,197.3
592,199.19
593,206.35
594,208.62
595,193.21
596,174.29
597,165.95
598,163.61
599,153.23
600,150.0
601,140.33
602,137.13
603,134.63
604,136.01
605,143.85
606,165.68
607,186.98
608,198.95
609,202.91
610,197.11
611,194.23
612,187.19
613,184.72
614,181.28
615,175.62
616,168.86
617,186.2
618,180.73
619,170.55
620,158.99
621,154.44
622,149.75
623,137.91
624,135.0
625,132.23
626,130.32
627,125.11
628,128.31
629,134.12
630,151.01
631,176.1
632,195.0
633,199.19
634,195.0
635,190.0
636,183.06
637,180.0
638,181.5
639,185.0
640,188.0
641,198.05
642,200.7
643,193.7
644,181.5
645,166.25
646,155.12
647,146.0
648,139.9
649,135.06
650,133.38
651,129.59
652,125.28
653,122.83
654,128.85
655,136.32
656,145.43
657,160.16
658,161.57
659,157.3
660,141.56
661,135.32
662,138.16
663,147.14
664,154.27
665,164.93
666,174.06
667,163.56
668,149.96
669,146.13
670,142.23
671,139.78
672,154.85
673,129.66
674,126.23
675,123.63
676,123.87
677,123.13
678,127.74
679,133.26
680,148.07
681,155.77
682,124.76
683,121.06
684,115.31
685,114.97
686,121.03
687,125.5
688,130.09
689,156.14
690,153.36
691,128.65
692,99.84
693,85.0
694,79.83
695,64.36
696,45.0
697,5.9
698,5.07
699,2.03
700,9.03
701,37.47
702,88.1
703,102.18
704,115.5
705,100.8
706,96.81
707,88.23
708,86.1
709,83.38
710,88.36
711,86.12
712,89.69
713,98.62
714,96.29
715,100.7
716,89.95
717,86.85
718,88.15
719,90.8
720,94.01
721,98.15
722,98.15
723,100.91
724,105.29
725,109.53
726,144.34
727,171.4
728,182.98
729,169.94
730,167.11
731,146.33
732,138.23
733,123.71
734,106.62
735,108.1
736,101.73
737,103.18
738,108.96
739,100.28
740,94.92
741,86.19
742,86.1
743,69.56
744,79.94
745,67.55
746,65.69
747,66.82
748,57.59
749,74.96
750,95.98
751,112.75
752,120.74
753,111.29
754,105.03
755,101.45
756,99.34
757,98.53
758,95.97
759,98.56
760,102.69
761,109.12
762,111.58
763,100.88
764,97.65
765,94.75
766,86.42
767,78.59
768,74.3
769,67.77
770,71.35
771,76.75
772,88.55
773,93.11
774,116.21
775,139.22
776,169.87
777,178.2
778,170.09
779,167.21
780,156.86
781,152.74
782,161.44
783,163.39
784,167.28
785,178.17
786,183.12
787,172.18
788,142.09
789,143.54
790,130.15
791,103.93
792,108.3
793,100.27
794,93.82
795,87.83
796,84.03
797,89.02
798,100.27
799,107.73
800,110.39
801,110.01
802,97.73
803,102.81
804,102.0
805,99.19
806,97.91
807,102.0
808,107.72
809,112.4
810,113.52
811,108.07
812,103.7
813,102.95
814,113.19
815,107.8
816,99.36
817,106.25
818,113.15
819,121.77
820,125.38
821,127.44
822,137.34
823,156.31
824,164.19
825,169.83
826,164.11
827,156.39
828,148.84
829,133.37
830,134.09
831,141.61
832,155.36
833,170.29
834,184.16
835,179.96
836,167.89
837,158.13
838,152.38
839,136.67
840,135.51
841,136.97
842,129.03
843,130.68
844,116.2
845,113.27
846,114.21
847,115.6
848,120.48
849,117.68
850,117.3
851,122.09
852,116.09
853,107.01
854,109.75
855,116.32
856,125.16
857,147.57
858,171.44
859,170.92
860,165.9
861,153.67
862,155.77
863,144.18
864,145.0
865,143.73
866,145.41
867,142.09
868,140.1
869,148.93
870,175.67
871,200.65
872,213.39
873,200.65
874,185.08
875,179.84
876,168.72
877,161.16
878,163.9
879,170.67
880,181.8
881,198.94
882,213.5
883,205.38
884,186.21
885,166.48
886,159.82
887,154.0
888,145.78
889,142.21
890,140.42
891,139.44
892,141.6
893,145.87
894,170.54
895,198.04
896,214.16
897,191.85
898,172.52
899,141.83
900,140.33
901,134.86
902,148.34
903,171.86
904,189.98
905,222.26
906,245.6
907,229.0
908,199.03
909,188.18
910,173.36
911,163.08
912,160.05
913,155.16
914,150.0
915,147.97
916,145.97
917,149.18
918,175.69
919,196.64
920,216.19
921,177.75
922,128.0
923,126.33
924,124.95
925,124.96
926,124.95
927,134.49
928,156.86
929,183.99
930,192.45
931,153.0
932,145.45
933,133.81
934,127.73
935,118.94
936,109.56
937,118.36
938,115.12
939,115.46
940,120.47
941,132.57
942,155.24
943,174.46
944,173.02
945,111.36
946,114.01
947,111.77
948,111.18
949,110.19
950,121.46
951,157.91
952,165.04
953,173.25
954,166.33
955,134.89
956,115.77
957,135.77
958,119.93
959,117.95
960,122.69
961,123.09
962,116.32
963,116.7
964,118.51
965,125.47
966,153.99
967,185.91
968,196.23
969,158.72
970,140.35
971,131.68
972,118.84
973,117.94
974,110.12
975,127.95
976,123.76
977,158.93
978,129.55
979,108.29
980,108.26
981,94.66
982,89.19
983,45.0
984,89.89
985,85.38
986,85.03
987,81.87
988,82.31
989,80.88
990,82.95
991,86.59
992,93.13
993,93.95
994,93.01
995,89.93
996,93.23
997,90.92
998,93.89
999,101.13
1000,118.36
1001,153.94
1002,152.79
1003,140.73
1004,140.42
1005,138.28
1006,143.76
1007,138.06
1008,129.72
1009,125.49
1010,131.79
1011,127.57
1012,118.46
1013,118.89
1014,108.02
1015,116.17
1016,149.4
1017,144.27
1018,145.56
1019,140.07
1020,129.89
1021,120.0
1022,120.0
1023,124.63
1024,135.16
1025,158.54
1026,167.51
1027,169.49
1028,160.0
1029,140.89
1030,151.91
1031,137.98
1032,137.5
1033,132.68
1034,132.64
1035,129.04
1036,130.84
1037,137.36
1038,163.19
1039,196.08
1040,215.87
1041,196.2
1042,173.35
1043,154.42
1044,140.0
1045,136.87
1046,140.0
1047,157.45
1048,166.06
1049,188.06
1050,221.8
1051,206.6
1052,187.86
1053,168.95
1054,160.97
1055,150.12
1056,135.62
1057,132.32
1058,132.16
1059,132.12
1060,132.32
1061,141.93
1062,166.22
1063,199.99
1064,206.98
1065,180.6
1066,138.26
1067,139.16
1068,130.36
1069,125.41
1070,126.93
1071,132.32
1072,152.7
1073,180.81
1074,199.99
1075,192.97
1076,175.81
1077,160.09
1078,151.03
1079,141.73
1080,134.81
1081,130.95
1082,130.0
1083,130.01
1084,126.66
1085,136.53
1086,161.2
1087,185.0
1088,188.76
1089,171.22
1090,152.52
1091,132.16
1092,120.79
1093,121.45
1094,121.38
1095,128.71
1096,144.99
1097,158.8
1098,173.52
1099,165.25
1100,143.59
1101,133.97
1102,133.14
1103,119.1
1104,112.86
1105,117.48
1106,114.52
1107,113.35
1108,115.0
1109,119.96
1110,145.6
1111,166.5
1112,175.34
1113,166.44
1114,150.28
1115,132.94
1116,118.18
1117,118.63
1118,127.93
1119,134.95
1120,140.96
1121,166.0
1122,166.92
1123,160.59
1124,143.57
1125,137.96
1126,127.52
1127,108.07
1128,106.05
1129,98.61
1130,92.71
1131,86.12
1132,80.63
1133,90.9
1134,105.12
1135,122.65
1136,129.9
1137,114.52
1138,101.56
1139,91.96
1140,90.8
1141,67.63
1142,36.68
1143,33.71
1144,69.63
1145,79.92
1146,90.53
1147,85.05
1148,59.96
1149,46.9
1150,43.82
1151,22.22
1152,28.14
1153,36.44
1154,35.82
1155,44.41
1156,62.98
1157,70.1
1158,82.26
1159,93.37
1160,109.95
1161,114.92
1162,107.64
1163,102.8
1164,94.47
1165,83.29
1166,86.37
1167,96.6
1168,109.98
1169,128.8
1170,147.08
1171,149.95
1172,135.49
1173,120.64
1174,116.99
1175,113.66
1176,109.04
1177,104.12
1178,99.53
1179,93.0
1180,92.55
1181,97.78
1182,98.5
1183,107.77
1184,113.86
1185,118.32
1186,116.17
1187,113.87
1188,108.52
1189,101.18
1190,98.54
1191,107.7
1192,120.72
1193,141.11
1194,158.7
1195,158.38
1196,138.31
1197,127.1
1198,117.68
1199,94.85
1200,78.87
1201,51.06
1202,48.86
1203,34.0
1204,29.13
1205,38.24
1206,72.3
1207,78.18
1208,75.75
1209,49.92
1210,41.96
1211,23.93
1212,23.81
1213,22.01
1214,41.52
1215,52.34
1216,57.15
1217,94.99
1218,112.54
1219,109.04
1220,92.57
1221,87.73
1222,89.47
1223,68.64
1224,50.5
1225,46.01
1226,47.76
1227,53.28
1228,69.15
1229,94.87
1230,127.67
1231,148.87
1232,153.96
1233,130.7
1234,129.24
1235,116.51
1236,112.53
1237,114.14
1238,119.3
1239,130.56
1240,148.99
1241,164.85
1242,178.13
1243,177.1
1244,170.0
1245,158.8
1246,153.2
1247,142.58
1248,139.9
1249,128.53
1250,125.3
1251,128.53
1252,129.53
1253,139.19
1254,157.49
1255,173.13
1256,176.34
1257,164.55
1258,152.53
1259,136.99
1260,129.56
1261,129.18
1262,136.04
1263,150.91
1264,156.96
1265,165.01
1266,175.0
1267,172.73
1268,162.06
1269,154.02
1270,149.6
1271,134.47
1272,134.68
1273,131.4
1274,129.0
1275,124.78
1276,125.17
1277,129.93
1278,153.98
1279,170.0
1280,178.08
1281,169.6
1282,154.59
1283,149.83
1284,142.22
1285,136.7
1286,135.3
1287,135.39
1288,139.54
1289,152.36
1290,165.22
1291,165.0
1292,155.91
1293,151.14
1294,145.61
1295,131.46
1296,133.68
1297,118.18
1298,117.55
1299,114.76
1300,117.55
1301,117.23
1302,137.12
1303,155.05
1304,155.0
1305,150.26
1306,131.43
1307,109.02
1308,112.76
1309,107.88
1310,101.49
1311,109.08
1312,110.49
1313,119.69
1314,136.41
1315,116.96
1316,91.35
1317,104.61
1318,93.13
1319,78.58
1320,90.55
1321,83.14
1322,78.93
1323,75.23
1324,82.03
1325,77.97
1326,76.77
1327,84.47
1328,89.89
1329,87.02
1330,74.4
1331,65.17
1332,59.43
1333,44.9
1334,62.68
1335,81.85
1336,96.54
1337,123.4
1338,136.48
1339,130.85
1340,116.64
1341,102.27
1342,114.93
1343,107.43
1344,106.39
1345,102.94
1346,102.77
1347,106.26
1348,104.1
1349,105.54
1350,107.04
1351,109.55
1352,109.02
1353,105.54
1354,97.34
1355,92.94
1356,85.0
1357,55.0
1358,55.28
1359,85.04
1360,98.92
1361,129.9
1362,153.7
1363,156.91
1364,153.64
1365,141.64
1366,138.29
1367,132.98
1368,122.83
1369,132.91
1370,132.9
1371,125.03
1372,120.07
1373,139.83
1374,164.23
1375,186.66
1376,186.95
1377,166.57
1378,152.91
1379,135.87
1380,138.59
1381,135.52
1382,131.51
1383,132.2
1384,153.45
1385,170.69
1386,190.01
1387,198.15
1388,174.49
1389,160.3
1390,153.46
1391,149.46
1392,134.0
1393,124.82
1394,123.83
1395,124.59
1396,126.25
1397,141.41
1398,162.47
1399,177.99
1400,186.04
1401,160.31
1402,130.38
1403,124.2
1404,116.71
1405,119.19
1406,123.41
1407,133.2
1408,154.42
1409,173.13
1410,193.87
1411,193.78
1412,174.89
1413,158.27
1414,153.78
1415,142.14
1416,133.08
1417,125.46
1418,124.96
1419,127.66
1420,130.58
1421,141.35
1422,163.45
1423,186.03
1424,186.03
1425,152.9
1426,126.69
1427,118.72
1428,115.79
1429,114.12
1430,116.09
1431,122.81
1432,135.46
1433,162.74
1434,183.69
1435,182.48
1436,162.74
1437,144.85
1438,142.05
1439,131.51
1440,125.82
1441,128.57
1442,130.03
1443,131.47
1444,130.01
1445,135.58
1446,164.99
1447,181.11
1448,177.62
1449,141.44
1450,124.36
1451,116.79
1452,115.39
1453,113.64
1454,117.69
1455,128.62
1456,152.64
1457,166.38
1458,184.91
1459,184.13
1460,163.43
1461,159.31
1462,149.53
1463,139.9
1464,140.3
1465,130.18
1466,130.59
1467,128.43
1468,127.78
1469,135.0
1470,162.19
1471,187.03
1472,195.39
1473,166.48
1474,131.12
1475,123.01
1476,114.69
1477,112.1
1478,110.89
1479,114.69
1480,129.31
1481,155.98
1482,165.0
1483,152.94
1484,133.31
1485,122.2
1486,112.09
1487,101.63
1488,108.27
1489,95.86
1490,92.18
1491,97.96
1492,97.69
1493,96.98
1494,94.1
1495,98.82
1496,100.69
1497,96.89
1498,97.04
1499,94.71
1500,89.37
1501,91.26
1502,95.35
1503,101.77
1504,106.9
1505,140.0
1506,151.66
1507,145.0
1508,138.68
1509,117.71
1510,121.02
1511,109.41
1512,107.53
1513,106.25
1514,105.55
1515,106.84
1516,104.99
1517,105.81
1518,105.94
1519,108.39
1520,107.72
1521,107.73
1522,105.18
1523,107.55
1524,110.25
1525,107.73
1526,110.22
1527,115.14
1528,129.37
1529,145.14
1530,166.67
1531,172.37
1532,160.23
1533,152.49
1534,143.66
1535,130.13
1536,136.1
1537,125.09
1538,123.31
1539,123.12
1540,123.75
1541,137.44
1542,159.8
1543,185.0
1544,217.09
1545,188.35
1546,170.26
1547,160.84
1548,149.92
1549,144.95
1550,144.3
1551,145.78
1552,152.0
1553,162.01
1554,184.86
1555,174.61
1556,147.95
1557,130.39
1558,120.65
1559,108.58
1560,98.06
1561,94.26
1562,85.0
1563,78.96
1564,78.52
1565,85.57
1566,98.71
1567,99.57
1568,105.59
1569,91.92
1570,93.86
1571,94.26
1572,87.57
1573,93.86
1574,95.07
1575,97.6
1576,109.22
1577,142.97
1578,164.08
1579,143.91
1580,152.14
1581,136.43
1582,122.21
1583,115.49
1584,114.3
1585,112.1
1586,112.02
1587,111.0
1588,111.0
1589,118.23
1590,140.68
1591,158.53
1592,173.1
1593,163.0
1594,152.99
1595,144.17
1596,137.17
1597,135.93
1598,137.44
1599,141.09
1600,144.47
1601,153.01
1602,166.89
1603,170.02
1604,153.77
1605,134.64
1606,128.82
1607,119.0
1608,113.66
1609,111.39
1610,111.02
1611,109.38
1612,111.22
1613,113.02
1614,137.39
1615,150.0
1616,159.06
1617,150.93
1618,142.36
1619,131.81
1620,122.0
1621,116.45
1622,116.19
1623,116.72
1624,118.36
1625,135.85
1626,147.22
1627,145.04
1628,135.1
1629,125.09
1630,123.82
1631,109.7
1632,102.89
1633,100.68
1634,99.06
1635,98.84
1636,99.09
1637,105.0
1638,119.81
1639,136.91
1640,140.91
1641,136.61
1642,131.89
1643,125.1
1644,116.42
1645,112.84
1646,114.91
1647,112.62
1648,110.1
1649,129.34
1650,135.48
1651,133.92
1652,115.41
1653,108.96
1654,100.35
1655,87.59
1656,70.22
1657,71.11
1658,73.08
1659,82.42
1660,87.87
1661,96.18
1662,104.24
1663,110.09
1664,114.01
1665,106.37
1666,93.81
1667,81.95
1668,78.66
1669,60.0
1670,60.38
1671,82.63
1672,101.24
1673,130.02
1674,145.0
1675,136.63
1676,131.58
1677,119.96
1678,120.56
1679,108.51
1680,121.01
1681,101.18
1682,101.18
1683,90.43
1684,91.81
1685,92.08
1686,90.81
1687,89.05
1688,90.27
1689,93.98
1690,92.0
1691,87.79
1692,80.4
1693,68.96
1694,70.0
1695,74.9
1696,85.05
1697,100.91
1698,119.85
1699,141.04
1700,129.97
1701,104.69
1702,94.87
1703,80.55
1704,45.99
1705,37.09
1706,33.36
1707,16.89
1708,7.51
1709,16.89
1710,38.49
1711,77.71
1712,79.81
1713,42.46
1714,30.51
1715,22.32
1716,2.07
1717,-0.02
1718,-0.03
1719,0.26
1720,9.03
1721,53.37
1722,88.59
1723,95.0
1724,82.33
1725,52.94
1726,35.45
1727,23.32
1728,9.57
1729,4.46
1730,4.0
1731,1.84
1732,3.5
1733,9.03
1734,42.6
1735,90.42
1736,94.84
1737,83.37
1738,73.78
1739,60.94
1740,53.26
1741,61.07
1742,65.45
1743,59.82
1744,78.83
1745,122.85
1746,144.86
1747,152.21
1748,140.93
1749,129.72
1750,122.84
1751,105.32
1752,105.64
1753,105.8
1754,103.97
1755,105.23
1756,105.67
1757,121.43
1758,143.47
1759,160.0
1760,159.58
1761,129.99
1762,114.15
1763,97.0
1764,90.85
1765,90.84
1766,96.25
1767,102.83
1768,116.99
1769,150.8
1770,182.3
1771,199.28
1772,168.98
1773,147.36
1774,139.35
1775,127.63
1776,117.39
1777,107.61
1778,103.8
1779,100.0
1780,98.07
1781,103.86
1782,130.32
1783,142.35
1784,138.03
1785,117.12
1786,103.2
1787,91.51
1788,85.4
1789,78.49
1790,80.48
1791,84.89
1792,95.58
1793,119.22
1794,131.85
1795,129.97
1796,110.0
1797,98.14
1798,86.07
1799,80.44
1800,48.45
1801,49.97
1802,50.06
1803,59.93
1804,62.79
1805,81.59
1806,105.07
1807,112.17
1808,104.56
1809,90.29
1810,84.04
1811,79.95
1812,75.76
1813,74.05
1814,88.05
1815,99.03
1816,109.54
1817,126.79
1818,134.36
1819,134.23
1820,126.35
1821,109.97
1822,107.09
1823,102.25
1824,106.35
1825,98.25
1826,96.84
1827,95.0
1828,96.18
1829,99.8
1830,103.5
1831,105.43
1832,100.74
1833,102.65
1834,97.0
1835,91.14
1836,84.06
1837,80.42
1838,87.52
1839,92.08
1840,104.43
1841,130.74
1842,156.95
1843,169.54
1844,144.15
1845,132.92
1846,129.95
1847,118.46
1848,110.03
1849,106.0
1850,99.6
1851,99.18
1852,98.74
1853,103.36
1854,100.0
1855,102.45
1856,101.44
1857,102.26
1858,100.41
1859,99.18
1860,97.39
1861,94.04
1862,95.01
1863,98.67
1864,106.09
1865,133.17
1866,145.0
1867,152.91
1868,144.71
1869,135.27
1870,132.9
1871,130.0
1872,124.0
1873,114.94
1874,113.06
1875,110.18
1876,110.25
1877,116.4
1878,135.77
1879,148.43
1880,148.51
1881,137.56
1882,122.75
1883,115.79
1884,104.59
1885,99.96
1886,101.73
1887,104.74
1888,113.83
1889,132.84
1890,150.96
1891,165.47
1892,152.36
1893,135.49
1894,127.5
1895,117.04
1896,120.79
1897,112.28
1898,111.56
1899,108.65
1900,110.0
1901,118.21
1902,129.81
1903,145.49
1904,143.45
1905,128.53
1906,115.01
1907,106.72
1908,101.98
1909,99.56
1910,98.67
1911,98.32
1912,101.21
1913,112.99
1914,132.08
1915,143.29
1916,125.25
1917,105.13
1918,99.69
1919,92.59
1920,77.06
1921,73.19
1922,73.5
1923,69.05
1924,66.67
1925,74.03
1926,92.03
1927,109.01
1928,110.21
1929,82.37
1930,58.35
1931,33.29
1932,22.93
1933,16.99
1934,39.43
1935,68.41
1936,81.12
1937,100.62
1938,119.25
1939,139.85
1940,125.31
1941,108.41
1942,99.9
1943,83.29
1944,68.05
1945,65.89
1946,55.29
1947,45.94
1948,33.17
1949,55.78
1950,80.64
1951,92.22
1952,95.0
1953,72.8
1954,40.74
1955,35.68
1956,36.52
1957,37.19
1958,51.28
1959,55.28
1960,89.9
1961,119.45
1962,136.86
1963,144.38
1964,122.12
1965,92.65
1966,88.85
1967,77.35
1968,55.12
1969,43.8
1970,40.67
1971,40.18
1972,35.07
1973,40.19
1974,62.44
1975,81.23
1976,81.23
1977,62.36
1978,36.95
1979,25.28
1980,11.47
1981,3.99
1982,2.07
1983,5.84
1984,29.59
1985,79.53
1986,101.02
1987,116.23
1988,96.92
1989,82.5
1990,76.2
1991,64.9
1992,15.3
1993,0.97
1994,0.11
1995,0.08
1996,0.29
1997,0.1
1998,3.53
1999,7.72
2000,5.93
2001,0.06
2002,-0.06
2003,-1.18
2004,-3.62
2005,-6.02
2006,-5.38
2007,-0.87
2008,-0.02
2009,23.9
2010,60.0
2011,77.04
2012,60.0
2013,41.84
2014,38.91
2015,33.36
2016,39.66
2017,39.23
2018,40.12
2019,40.88
2020,41.42
2021,63.49
2022,73.09
2023,77.24
2024,79.6
2025,78.58
2026,76.0
2027,61.89
2028,55.44
2029,50.46
2030,46.02
2031,48.35
2032,77.09
2033,106.65
2034,117.86
2035,112.59
2036,104.63
2037,99.42
2038,94.64
2039,96.0
2040,93.15
2041,87.48
2042,83.99
2043,84.9
2044,92.85
2045,115.0
2046,142.99
2047,151.31
2048,118.76
2049,94.85
2050,80.93
2051,68.26
2052,54.91
2053,42.74
2054,46.16
2055,49.62
2056,74.37
2057,95.95
2058,124.38
2059,116.07
2060,105.99
2061,103.52
2062,91.46
2063,78.68
2064,82.3
2065,84.67
2066,92.83
2067,92.5
2068,99.44
2069,130.05
2070,159.92
2071,159.92
2072,127.14
2073,104.28
2074,94.89
2075,94.84
2076,92.99
2077,91.76
2078,94.67
2079,96.22
2080,108.59
2081,136.87
2082,160.98
2083,161.0
2084,133.02
2085,127.09
2086,110.98
2087,97.53
2088,95.1
2089,97.13
2090,98.78
2091,98.18
2092,99.2
2093,117.04
2094,144.13
2095,152.0
2096,144.17
2097,130.03
2098,119.05
2099,110.98
2100,105.6
2101,101.55
2102,104.94
2103,106.2
2104,128.15
2105,145.41
2106,149.87
2107,132.28
2108,114.92
2109,109.9
2110,94.8
2111,89.71
2112,82.25
2113,80.75
2114,78.77
2115,77.91
2116,76.8
2117,89.77
2118,119.37
2119,129.3
2120,110.0
2121,90.66
2122,80.0
2123,64.83
2124,25.59
2125,5.75
2126,10.05
2127,39.62
2128,72.44
2129,97.55
2130,120.0
2131,119.37
2132,103.28
2133,100.05
2134,90.76
2135,65.13
2136,64.9
2137,57.1
2138,48.62
2139,68.84
2140,79.97
2141,111.72
2142,132.12
2143,137.64
2144,132.19
2145,124.2
2146,119.67
2147,103.77
2148,97.14
2149,93.05
2150,94.72
2151,101.89
2152,103.51
2153,114.97
2154,115.56
2155,109.98
2156,98.83
2157,86.73
2158,80.0
2159,82.19
2160,63.9
2161,53.84
2162,38.83
2163,36.05
2164,35.33
2165,34.36
2166,51.71
2167,61.16
2168,60.41
2169,49.57
2170,46.09
2171,40.96
2172,38.62
2173,33.5
2174,36.37
2175,40.57
2176,52.06
2177,84.89
2178,90.89
2179,84.89
2180,75.6
2181,79.95
2182,66.64
2183,69.59
2184,60.46
2185,58.51
2186,60.46
2187,58.51
2188,60.46
2189,58.72
2190,70.08
2191,75.55
2192,66.09
2193,51.66
2194,50.24
2195,42.64
2196,26.07
2197,14.21
2198,14.79
2199,31.85
2200,41.74
2201,100.41
2202,130.0
2203,131.5
2204,120.6
2205,112.68
2206,109.12
2207,108.53
2208,107.68
2209,108.04
2210,103.9
2211,100.43
2212,110.07
2213,139.22
2214,167.54
2215,163.79
2216,128.38
2217,103.8
2218,88.76
2219,80.98
2220,74.9
2221,71.66
2222,78.91
2223,82.0
2224,100.35
2225,133.77
2226,158.11
2227,156.25
2228,142.94
2229,132.02
2230,113.12
2231,110.85
2232,110.0
2233,113.68
2234,115.42
2235,116.64
2236,121.91
2237,145.35
2238,180.38
2239,178.53
2240,147.63
2241,118.43
2242,112.02
2243,108.86
2244,108.12
2245,107.31
2246,108.71
2247,112.73
2248,122.0
2249,147.1
2250,180.0
2251,177.32
2252,155.56
2253,141.19
2254,129.93
2255,127.51
2256,118.26
2257,119.61
2258,118.25
2259,124.99
2260,134.46
2261,165.82
2262,207.92
2263,179.74
2264,142.16
2265,119.6
2266,115.0
2267,113.59
2268,113.84
2269,113.81
2270,113.59
2271,116.3
2272,135.61
2273,156.52
2274,199.56
2275,191.68
2276,164.98
2277,151.39
2278,139.13
2279,135.54
2280,124.12
2281,120.0
2282,115.33
2283,114.85
2284,124.91
2285,142.51
2286,161.63
2287,155.96
2288,129.45
2289,114.63
2290,105.1
2291,104.02
2292,103.1
2293,106.01
2294,108.13
2295,109.87
2296,121.16
2297,140.0
2298,150.0
2299,144.08
2300,129.43
2301,115.38
2302,107.62
2303,100.31
2304,98.73
2305,100.07
2306,101.79
2307,103.15
2308,106.95
2309,102.94
2310,106.66
2311,110.74
2312,103.95
2313,101.76
2314,100.9
2315,91.96
2316,86.77
2317,85.0
2318,92.12
2319,100.81
2320,107.74
2321,127.78
2322,138.55
2323,135.07
2324,135.0
2325,136.6
2326,131.78
2327,123.85
2328,113.74
2329,114.26
2330,110.75
2331,110.78
2332,112.16
2333,114.74
2334,129.35
2335,133.2
2336,129.35
2337,114.74
2338,106.95
2339,101.84
2340,99.0
2341,95.36
2342,94.4
2343,98.12
2344,107.0
2345,121.9
2346,135.01
2347,139.77
2348,137.31
2349,134.9
2350,126.98
2351,127.99
2352,117.86
2353,119.83
2354,117.99
2355,118.24
2356,117.86
2357,120.0
2358,118.9
2359,122.98
2360,112.21
2361,100.0
2362,87.0
2363,81.96
2364,60.01
2365,55.0
2366,56.0
2367,74.0
2368,86.35
2369,115.2
2370,129.97
2371,133.46
2372,126.39
2373,115.0
2374,106.94
2375,98.21
2376,81.85
2377,78.14
2378,71.9
2379,70.0
2380,72.96
2381,80.0
2382,77.61
2383,69.43
2384,54.88
2385,22.07
2386,0.2
2387,-1.01
2388,-8.82
2389,-7.77
2390,-4.07
2391,-0.07
2392,19.49
2393,44.58
2394,65.54
2395,40.84
2396,21.81
2397,11.52
2398,0.1
2399,1.45
2400,0.99
2401,0.72
2402,1.09
2403,6.1
2404,34.02
2405,93.8
2406,105.63
2407,108.26
2408,93.8
2409,54.25
2410,9.03
2411,0.07
2412,-0.1
2413,-0.09
2414,-0.01
2415,6.61
2416,82.2
2417,130.8
2418,162.46
2419,165.38
2420,141.39
2421,130.8
2422,111.0
2423,97.6
2424,86.23
2425,80.63
2426,78.71
2427,80.2
2428,85.8
2429,108.22
2430,124.87
2431,136.41
2432,131.99
2433,120.0
2434,111.56
2435,100.72
2436,97.36
2437,97.62
2438,97.07
2439,100.34
2440,109.92
2441,134.66
2442,145.0
2443,129.7
2444,122.76
2445,109.3
2446,97.95
2447,97.23
2448,85.09
2449,79.33
2450,72.86
2451,71.27
2452,82.5
2453,102.06
2454,115.04
2455,118.96
2456,102.81
2457,85.98
2458,89.22
2459,90.12
2460,93.77
2461,92.48
2462,105.02
2463,93.23
2464,110.14
2465,129.86
2466,171.44
2467,180.93
2468,160.59
2469,139.28
2470,132.72
2471,118.09
2472,112.8
2473,116.54
2474,112.8
2475,113.14
2476,127.4
2477,144.74
2478,171.76
2479,176.11
2480,150.88
2481,129.86
2482,118.66
2483,107.54
2484,105.8
2485,106.22
2486,109.3
2487,105.24
2488,116.54
2489,138.16
2490,151.69
2491,152.21
2492,151.0
2493,134.33
2494,120.29
2495,123.9
2496,112.0
2497,114.38
2498,108.0
2499,105.14
2500,103.55
2501,105.56
2502,104.85
2503,106.21
2504,101.83
2505,97.96
2506,93.95
2507,88.55
2508,83.63
2509,82.17
2510,84.9
2511,92.97
2512,98.81
2513,112.66
2514,132.79
2515,134.51
2516,127.8
2517,127.71
2518,119.3
2519,111.55
2520,103.49
2521,102.68
2522,101.09
2523,102.63
2524,103.5
2525,103.5
2526,103.37
2527,110.43
2528,114.68
2529,111.04
2530,107.83
2531,104.05
2532,98.16
2533,94.71
2534,94.26
2535,96.04
2536,100.97
2537,115.21
2538,132.88
2539,140.0
2540,135.0
2541,129.97
2542,125.35
2543,114.75
2544,111.14
2545,108.96
2546,110.44
2547,110.0
2548,115.03
2549,140.82
2550,178.68
2551,200.51
2552,163.14
2553,135.61
2554,118.18
2555,105.35
2556,102.25
2557,97.16
2558,96.94
2559,96.76
2560,100.99
2561,122.33
2562,143.61
2563,142.78
2564,134.25
2565,122.82
2566,109.16
2567,105.31
2568,102.07
2569,101.1
2570,101.29
2571,100.55
2572,101.27
2573,127.0
2574,140.27
2575,154.88
2576,133.99
2577,106.21
2578,103.58
2579,94.94
2580,84.96
2581,84.7
2582,77.63
2583,79.39
2584,94.39
2585,108.21
2586,130.46
2587,135.01
2588,121.48
2589,108.76
2590,99.96
2591,102.3
2592,97.54
2593,99.92
2594,98.95
2595,101.33
2596,105.87
2597,130.0
2598,138.96
2599,139.28
2600,118.83
2601,90.39
2602,64.68
2603,29.6
2604,5.29
2605,0.09
2606,2.71
2607,22.74
2608,72.31
2609,94.79
2610,119.69
2611,130.73
2612,122.82
2613,109.9
2614,101.66
2615,100.19
2616,94.35
2617,96.76
2618,94.98
2619,97.18
2620,102.78
2621,127.97
2622,144.48
2623,144.7
2624,130.07
2625,107.97
2626,96.94
2627,94.23
2628,89.61
2629,88.71
2630,86.68
2631,92.09
2632,103.76
2633,128.99
2634,142.1
2635,146.45
2636,134.57
2637,129.18
2638,106.21
2639,98.42
2640,91.88
2641,91.01
2642,92.98
2643,92.6
2644,95.23
2645,120.92
2646,135.0
2647,134.5
2648,106.25
2649,90.0
2650,77.43
2651,28.35
2652,0.09
2653,0.05
2654,5.29
2655,58.57
2656,90.07
2657,123.0
2658,140.57
2659,143.88
2660,126.22
2661,106.03
2662,99.06
2663,99.04
2664,95.19
2665,92.1
2666,92.95
2667,91.29
2668,95.99
2669,99.82
2670,102.58
2671,99.1
2672,86.0
2673,76.41
2674,45.06
2675,26.2
2676,10.02
2677,5.62
2678,29.95
2679,76.68
2680,95.0
2681,112.97
2682,131.84
2683,130.22
2684,127.0
2685,105.0
2686,101.18
2687,105.1
2688,97.31
2689,94.97
2690,89.39
2691,86.63
2692,88.74
2693,89.88
2694,93.78
2695,93.43
2696,90.41
2697,79.33
2698,48.16
2699,35.5
2700,10.02
2701,4.88
2702,34.71
2703,64.15
2704,100.25
2705,125.74
2706,138.14
2707,137.13
2708,125.02
2709,116.95
2710,109.6
2711,87.7
2712,83.58
2713,82.09
2714,76.4
2715,75.08
2716,86.55
2717,114.6
2718,133.8
2719,135.0
2720,126.92
2721,110.81
2722,108.01
2723,98.07
2724,94.9
2725,87.0
2726,84.91
2727,85.89
2728,97.61
2729,117.41
2730,134.57
2731,135.97
2732,132.13
2733,120.23
2734,101.25
2735,96.41
2736,95.27
2737,93.63
2738,92.02
2739,91.82
2740,97.41
2741,121.6
2742,134.1
2743,134.93
2744,109.76
2745,96.24
2746,85.07
2747,78.56
2748,73.11
2749,64.48
2750,64.69
2751,74.18
2752,83.73
2753,101.23
2754,132.12
2755,144.16
2756,133.53
2757,124.6
2758,101.26
2759,95.48
2760,93.25
2761,94.2
2762,92.3
2763,93.33
2764,100.59
2765,125.16
2766,139.91
2767,129.97
2768,95.21
2769,88.23
2770,95.4
2771,94.27
2772,94.54
2773,94.37
2774,92.85
2775,98.2
2776,112.19
2777,127.88
2778,148.11
2779,154.97
2780,146.12
2781,130.0
2782,120.77
2783,107.12
2784,100.58
2785,98.0
2786,96.46
2787,97.42
2788,107.19
2789,126.1
2790,142.79
2791,135.61
2792,108.53
2793,94.64
2794,94.19
2795,92.78
2796,90.97
2797,92.55
2798,94.64
2799,96.28
2800,102.35
2801,125.98
2802,153.85
2803,163.57
2804,141.5
2805,125.42
2806,101.54
2807,102.03
2808,92.97
2809,90.35
2810,92.68
2811,92.91
2812,95.85
2813,113.77
2814,123.82
2815,126.81
2816,120.69
2817,113.18
2818,106.17
2819,102.05
2820,93.09
2821,90.19
2822,89.0
2823,90.61
2824,100.24
2825,115.7
2826,120.04
2827,125.4
2828,124.34
2829,116.71
2830,105.48
2831,115.59
2832,108.56
2833,106.1
2834,105.0
2835,101.24
2836,102.75
2837,103.24
2838,109.4
2839,115.64
2840,106.61
2841,103.59
2842,92.87
2843,82.23
2844,78.96
2845,66.2
2846,69.05
2847,80.0
2848,85.0
2849,100.1
2850,118.36
2851,119.45
2852,120.0
2853,115.57
2854,110.0
2855,99.28
2856,91.09
2857,88.38
2858,85.61
2859,85.52
2860,88.27
2861,85.84
2862,82.0
2863,75.0
2864,50.0
2865,27.7
2866,5.64
2867,-2.55
2868,-5.33
2869,-3.08
2870,1.19
2871,14.0
2872,70.57
2873,106.96
2874,121.16
2875,123.6
2876,122.2
2877,117.12
2878,108.71
2879,109.9
2880,99.9
2881,95.49
2882,89.98
2883,87.29
2884,88.0
2885,87.16
2886,84.2
2887,83.14
2888,84.04
2889,74.29
2890,67.99
2891,54.63
2892,34.69
2893,29.99
2894,41.19
2895,76.25
2896,95.58
2897,116.37
2898,124.64
2899,125.8
2900,121.72
2901,117.9
2902,111.04
2903,98.48
2904,85.6
2905,83.3
2906,80.9
2907,81.22
2908,90.39
2909,111.06
2910,127.45
2911,135.17
2912,122.99
2913,115.69
2914,108.96
2915,98.46
2916,92.76
2917,86.32
2918,81.97
2919,87.2
2920,94.43
2921,117.38
2922,130.0
2923,142.86
2924,133.69
2925,124.02
2926,116.13
2927,107.65
2928,102.63
2929,100.97
2930,97.8
2931,105.25
2932,111.92
2933,125.52
2934,133.3
2935,125.1
2936,110.1
2937,91.16
2938,84.16
2939,77.83
2940,80.02
2941,75.13
2942,73.5
2943,83.86
2944,97.59
2945,124.09
2946,140.08
2947,171.58
2948,132.25
2949,120.95
2950,114.73
2951,100.13
2952,95.24
2953,94.16
2954,95.26
2955,95.91
2956,106.94
2957,125.0
2958,130.0
2959,119.9
2960,104.42
2961,90.0
2962,79.6
2963,70.06
2964,60.21
2965,56.69
2966,65.28
2967,78.88
2968,99.6
2969,115.57
2970,122.01
2971,120.74
2972,114.77
2973,105.5
2974,94.12
2975,91.5
2976,81.8
2977,78.49
2978,79.51
2979,78.49
2980,87.52
2981,101.22
2982,113.75
2983,110.7
2984,97.28
2985,90.12
2986,80.94
2987,78.44
2988,77.01
2989,78.9
2990,81.08
2991,91.16
2992,100.17
2993,112.8
2994,120.54
2995,128.57
2996,126.31
2997,115.56
2998,103.34
2999,106.71
3000,99.62
3001,95.71
3002,91.7
3003,89.93
3004,91.7
3005,97.2
3006,99.02
3007,95.13
3008,93.28
3009,82.53
3010,74.42
3011,71.02
3012,55.75
3013,50.0
3014,63.16
3015,74.64
3016,90.3
3017,102.7
3018,108.05
3019,111.81
3020,108.71
3021,103.12
3022,92.38
3023,92.65
3024,86.17
3025,82.66
3026,83.51
3027,82.94
3028,84.07
3029,83.14
3030,81.87
3031,75.87
3032,67.6
3033,33.9
3034,5.09
3035,-0.04
3036,-0.99
3037,-0.03
3038,15.44
3039,56.62
3040,75.97
3041,94.94
3042,99.36
3043,106.45
3044,105.02
3045,99.3
3046,96.07
3047,85.92
3048,83.93
3049,83.78
3050,83.13
3051,84.09
3052,90.91
3053,104.12
3054,119.45
3055,110.97
3056,100.01
3057,91.83
3058,81.64
3059,80.41
3060,74.32
3061,74.09
3062,78.0
3063,84.01
3064,97.05
3065,110.04
3066,132.9
3067,128.41
3068,121.99
3069,112.56
3070,99.38
3071,95.96
3072,87.52
3073,84.6
3074,84.17
3075,85.25
3076,92.45
3077,111.58
3078,121.0
3079,117.88
3080,104.96
3081,88.84
3082,70.95
3083,65.76
3084,61.91
3085,68.29
3086,80.8
3087,84.44
3088,100.06
3089,116.34
3090,121.93
3091,121.05
3092,110.97
3093,104.67
3094,89.93
3095,94.79
3096,90.05
3097,88.38
3098,86.19
3099,88.39
3100,90.18
3101,107.57
3102,120.6
3103,133.0
3104,110.22
3105,105.89
3106,100.94
3107,96.83
3108,92.91
3109,91.72
3110,96.3
3111,107.92
3112,117.48
3113,120.39
3114,140.38
3115,147.49
3116,134.4
3117,117.59
3118,109.84
3119,100.0
3120,96.94
3121,96.0
3122,97.28
3123,97.9
3124,104.23
3125,121.11
3126,148.33
3127,167.78
3128,135.47
3129,126.71
3130,115.79
3131,104.53
3132,100.01
3133,99.37
3134,109.51
3135,113.54
3136,115.27
3137,123.63
3138,147.0
3139,132.8
3140,118.4
3141,113.99
3142,101.66
3143,98.53
3144,90.55
3145,89.84
3146,90.0
3147,90.84
3148,98.99
3149,116.99
3150,130.0
3151,137.98
3152,113.3
3153,101.6
3154,97.48
3155,83.42
3156,76.67
3157,72.95
3158,75.89
3159,80.94
3160,94.01
3161,107.98
3162,122.22
3163,124.98
3164,117.99
3165,101.18
3166,97.82
3167,104.91
3168,99.98
3169,95.85
3170,98.55
3171,99.49
3172,100.18
3173,96.96
3174,94.72
3175,94.47
3176,89.08
3177,73.1
3178,30.12
3179,15.53
3180,5.55
3181,5.06
3182,6.17
3183,27.72
3184,77.26
3185,105.98
3186,111.12
3187,119.32
3188,114.43
3189,109.96
3190,104.97
3191,102.37
3192,98.18
3193,94.3
3194,85.95
3195,87.29
3196,95.08
3197,81.33
3198,73.87
3199,75.69
3200,54.9
3201,25.09
3202,13.89
3203,9.73
3204,1.85
3205,0.16
3206,1.78
3207,32.29
3208,90.5
3209,105.63
3210,116.0
3211,127.13
3212,127.99
3213,119.14
3214,107.92
3215,119.04
3216,107.61
3217,103.54
3218,108.87
3219,108.03
3220,126.15
3221,151.03
3222,168.79
3223,149.12
3224,124.81
3225,105.58
3226,99.62
3227,94.75
3228,90.77
3229,89.42
3230,90.54
3231,91.39
3232,100.05
3233,117.84
3234,124.98
3235,131.79
3236,124.07
3237,110.59
3238,93.79
3239,78.96
3240,73.1
3241,70.01
3242,63.56
3243,65.9
3244,74.39
3245,99.77
3246,114.99
3247,119.54
3248,102.83
3249,82.77
3250,76.0
3251,66.84
3252,52.09
3253,21.25
3254,12.59
3255,43.23
3256,74.0
3257,87.44
3258,105.0
3259,110.09
3260,106.52
3261,104.99
3262,97.23
3263,77.65
3264,70.39
3265,70.65
3266,70.0
3267,72.52
3268,79.83
3269,105.16
3270,113.18
3271,109.99
3272,94.7
3273,76.08
3274,58.41
3275,27.57
3276,15.62
3277,8.57
3278,10.07
3279,47.19
3280,79.09
3281,102.15
3282,119.59
3283,133.5
3284,130.16
3285,111.0
3286,102.94
3287,100.59
3288,96.35
3289,89.24
3290,90.01
3291,96.93
3292,100.47
3293,100.42
3294,94.83
3295,90.29
3296,80.34
3297,72.06
3298,65.03
3299,62.87
3300,43.52
3301,29.41
3302,43.08
3303,71.56
3304,84.59
3305,103.08
3306,115.53
3307,125.87
3308,117.18
3309,109.61
3310,98.76
3311,93.02
3312,83.2
3313,80.23
3314,77.03
3315,84.16
3316,99.33
3317,111.0
3318,109.97
3319,106.0
3320,93.89
3321,70.37
3322,60.56
3323,60.91
3324,57.79
3325,57.93
3326,63.62
3327,72.15
3328,87.19
3329,103.67
3330,116.29
3331,115.93
3332,105.02
3333,99.79
3334,85.78
3335,78.74
3336,74.0
3337,68.08
3338,65.83
3339,65.05
3340,65.7
3341,62.08
3342,62.46
3343,59.76
3344,40.04
3345,4.44
3346,0.28
3347,-1.43
3348,-1.27
3349,-0.09
3350,0.0
3351,1.32
3352,25.94
3353,53.68
3354,78.44
3355,87.69
3356,81.06
3357,78.6
3358,73.02
3359,52.2
3360,40.04
3361,33.88
3362,28.76
3363,29.95
3364,28.26
3365,30.79
3366,27.55
3367,20.0
3368,2.14
3369,0.0
3370,-0.48
3371,-7.92
3372,-25.03
3373,-41.37
3374,-19.58
3375,-0.41
3376,2.22
3377,41.34
3378,85.49
3379,90.87
3380,91.0
3381,89.94
3382,83.5
3383,88.29
3384,80.06
3385,78.31
3386,77.8
3387,81.0
3388,99.03
3389,115.78
3390,120.0
3391,113.42
3392,104.31
3393,89.97
3394,78.39
3395,68.38
3396,65.06
3397,68.01
3398,72.21
3399,84.26
3400,101.47
3401,110.55
3402,144.26
3403,158.57
3404,125.04
3405,110.33
3406,101.45
3407,91.39
3408,78.61
3409,77.09
3410,69.58
3411,70.0
3412,78.64
3413,101.09
3414,105.39
3415,101.0
3416,91.87
3417,84.6
3418,74.53
3419,43.88
3420,24.04
3421,5.55
3422,3.54
3423,12.81
3424,61.72
3425,78.09
3426,95.27
3427,100.95
3428,103.34
3429,100.09
3430,93.78
3431,83.0
3432,76.09
3433,75.13
3434,76.31
3435,76.58
3436,86.4
3437,108.45
3438,124.15
3439,109.66
3440,99.01
3441,85.92
3442,81.0
3443,80.58
3444,83.0
3445,75.21
3446,88.06
3447,95.6
3448,107.78
3449,116.24
3450,170.56
3451,182.68
3452,153.51
3453,116.24
3454,103.4
3455,102.22
3456,93.84
3457,90.95
3458,88.88
3459,90.71
3460,99.64
3461,122.58
3462,124.48
3463,104.0
3464,83.35
3465,70.85
3466,55.56
3467,41.28
3468,16.7
3469,20.26
3470,10.27
3471,40.99
3472,73.33
3473,94.16
3474,110.64
3475,124.8
3476,108.69
3477,100.48
3478,90.94
3479,88.11
3480,76.4
3481,74.57
3482,74.63
3483,78.99
3484,89.59
3485,104.94
3486,105.6
3487,100.65
3488,81.44
3489,56.25
3490,33.16
3491,21.02
3492,0.97
3493,0.0
3494,0.07
3495,22.92
3496,53.59
3497,88.28
3498,110.82
3499,115.62
3500,110.0
3501,99.5
3502,92.5
3503,89.69
3504,83.53
3505,84.73
3506,86.33
3507,91.25
3508,90.0
3509,82.7
3510,82.99
3511,72.61
3512,55.06
3513,16.37
3514,1.45
3515,0.0
3516,-6.03
3517,-2.39
3518,0.51
3519,2.26
3520,55.08
3521,84.85
3522,100.38
3523,124.93
3524,113.08
3525,100.03
3526,94.71
3527,87.09
3528,84.0
3529,81.92
3530,77.87
3531,77.86
3532,76.47
3533,72.02
3534,64.84
3535,37.7
3536,0.0
3537,-3.08
3538,-18.05
3539,-48.72
3540,-129.91
3541,-129.96
3542,-98.08
3543,-18.68
3544,-0.06
3545,50.0
3546,72.9
3547,80.01
3548,77.84
3549,73.8
3550,69.5
3551,59.23
3552,53.9
3553,51.82
3554,48.51
3555,54.52
3556,63.36
3557,67.65
3558,58.71
3559,29.92
3560,0.0
3561,-2.11
3562,-21.08
3563,-55.02
3564,-95.11
3565,-109.45
3566,-80.69
3567,-19.97
3568,-4.98
3569,19.2
3570,72.08
3571,83.75
3572,85.88
3573,80.48
3574,74.26
3575,75.02
3576,71.05
3577,68.9
3578,70.03
3579,76.68
3580,85.07
3581,97.91
3582,117.96
3583,108.64
3584,90.06
3585,82.37
3586,70.27
3587,64.49
3588,57.36
3589,56.48
3590,62.66
3591,72.07
3592,88.55
3593,97.97
3594,124.9
3595,154.56
3596,125.77
3597,97.31
3598,89.65
3599,85.92
3600,82.17
3601,74.2
3602,80.02
3603,85.26
3604,91.98
3605,119.01
3606,118.42
3607,105.83
3608,86.41
3609,66.92
3610,46.42
3611,9.06
3612,-0.02
3613,-0.81
3614,-0.17
3615,20.16
3616,69.45
3617,86.43
3618,108.26
3619,119.6
3620,103.69
3621,94.28
3622,83.13
3623,84.15
3624,74.3
3625,70.1
3626,66.72
3627,67.7
3628,80.45
3629,97.04
3630,108.23
3631,99.07
3632,87.3
3633,68.19
3634,59.92
3635,38.86
3636,9.35
3637,3.01
3638,13.35
3639,56.14
3640,72.0
3641,87.86
3642,100.46
3643,120.04
3644,103.43
3645,95.41
3646,86.53
3647,83.59
3648,79.4
3649,79.85
3650,77.42
3651,81.12
3652,90.88
3653,118.97
3654,125.58
3655,96.19
3656,84.37
3657,72.09
3658,63.15
3659,56.06
3660,42.61
3661,36.82
3662,44.9
3663,58.27
3664,76.62
3665,85.96
3666,101.12
3667,110.5
3668,101.31
3669,92.56
3670,85.06
3671,84.95
3672,80.3
3673,77.79
3674,75.2
3675,80.71
3676,78.64
3677,77.76
3678,73.63
3679,70.0
3680,59.97
3681,27.36
3682,5.0
3683,-0.01
3684,-4.91
3685,-3.39
3686,-0.05
3687,5.38
3688,45.66
3689,75.0
3690,84.96
3691,94.9
3692,94.9
3693,87.89
3694,81.17
3695,81.12
3696,74.9
3697,72.51
3698,71.65
3699,73.14
3700,72.23
3701,69.07
3702,64.77
3703,50.81
3704,21.93
3705,5.11
3706,0.0
3707,-4.98
3708,-29.45
3709,-36.35
3710,-4.33
3711,0.0
3712,34.5
3713,78.21
3714,98.94
3715,109.79
3716,102.6
3717,99.0
3718,86.98
3719,78.71
3720,71.1
3721,70.07
3722,71.14
3723,74.26
3724,88.36
3725,122.09
3726,113.79
3727,99.95
3728,86.41
3729,75.0
3730,70.08
3731,69.37
3732,69.33
3733,68.07
3734,69.85
3735,78.89
3736,89.8
3737,100.76
3738,135.35
3739,157.37
3740,128.4
3741,101.04
3742,88.98
3743,80.23
3744,79.37
3745,79.27
3746,82.23
3747,86.2
3748,90.55
3749,146.4
3750,153.28
3751,122.54
3752,94.9
3753,86.73
3754,82.06
3755,77.69
3756,74.59
3757,70.61
3758,75.64
3759,81.17
3760,87.91
3761,98.84
3762,134.17
3763,152.4
3764,126.53
3765,102.04
3766,89.99
3767,93.56
3768,89.83
3769,90.26
3770,90.2
3771,90.68
3772,97.9
3773,127.66
3774,146.49
3775,114.66
3776,98.53
3777,93.13
3778,86.6
3779,79.95
3780,77.9
3781,76.45
3782,79.05
3783,79.71
3784,94.22
3785,101.07
3786,138.52
3787,147.7
3788,127.55
3789,105.82
3790,94.9
3791,93.93
3792,89.26
3793,83.04
3794,79.9
3795,82.04
3796,88.44
3797,94.01
3798,93.26
3799,91.4
3800,83.78
3801,74.64
3802,68.5
3803,64.22
3804,63.84
3805,64.06
3806,67.93
3807,71.17
3808,76.1
3809,90.46
3810,102.03
3811,113.84
3812,105.0
3813,96.58
3814,91.0
3815,95.0
3816,89.7
3817,79.73
3818,76.0
3819,76.27
3820,89.06
3821,103.74
3822,103.97
3823,103.94
3824,91.39
3825,82.26
3826,75.43
3827,70.03
3828,65.0
3829,64.06
3830,68.39
3831,72.64
3832,80.63
3833,95.0
3834,104.12
3835,106.45
3836,104.12
3837,97.48
3838,86.0
3839,89.03
3840,84.1
3841,84.13
3842,80.32
3843,77.44
3844,79.87
3845,79.43
3846,85.0
3847,81.8
3848,63.99
3849,26.91
3850,12.51
3851,0.08
3852,-19.96
3853,-20.03
3854,-4.97
3855,2.54
3856,44.5
3857,74.97
3858,86.16
3859,86.07
3860,78.63
3861,80.99
3862,69.55
3863,64.77
3864,58.07
3865,52.88
3866,49.93
3867,51.92
3868,49.13
3869,49.97
3870,46.72
3871,28.44
3872,15.9
3873,0.01
3874,-1.68
3875,-19.62
3876,-34.99
3877,-34.95
3878,-10.93
3879,-0.09
3880,27.92
3881,83.82
3882,99.91
3883,106.95
3884,106.6
3885,98.35
3886,88.89
3887,94.33
3888,85.08
3889,85.02
3890,81.63
3891,83.95
3892,95.08
3893,107.43
3894,126.84
3895,124.39
3896,106.01
3897,89.97
3898,75.96
3899,66.63
3900,61.01
3901,64.22
3902,75.96
3903,84.82
3904,97.6
3905,109.68
3906,133.04
3907,142.89
3908,116.93
3909,107.0
3910,98.1
3911,89.11
3912,82.78
3913,83.29
3914,82.75
3915,84.77
3916,90.04
3917,115.14
3918,119.53
3919,120.04
3920,103.12
3921,85.08
3922,77.27
3923,56.12
3924,50.2
3925,48.5
3926,63.07
3927,73.38
3928,84.63
3929,101.38
3930,111.99
3931,120.08
3932,115.0
3933,105.0
3934,98.38
3935,96.28
3936,88.68
3937,86.98
3938,86.25
3939,88.27
3940,98.14
3941,126.93
3942,136.21
3943,128.0
3944,103.32
3945,87.66
3946,78.41
3947,74.13
3948,75.25
3949,77.93
3950,78.46
3951,83.52
3952,98.56
3953,114.77
3954,142.07
3955,152.18
3956,139.91
3957,119.77
3958,108.87
3959,107.12
3960,102.77
3961,100.62
3962,100.38
3963,100.37
3964,113.96
3965,163.92
3966,166.1
3967,140.07
3968,116.0
3969,103.66
3970,98.02
3971,92.24
3972,90.0
3973,90.0
3974,92.01
3975,96.75
3976,104.9
3977,125.39
3978,156.32
3979,179.28
3980,172.54
3981,149.96
3982,125.02
3983,126.16
3984,121.62
3985,115.59
3986,112.7
3987,113.08
3988,117.77
3989,142.9
3990,153.74
3991,145.59
3992,124.16
3993,112.2
3994,108.99
3995,107.35
3996,101.4
3997,99.31
3998,101.65
3999,108.47
4000,115.04
4001,135.35
4002,161.19
4003,175.1
4004,170.39
4005,152.04
4006,138.69
4007,130.81
4008,122.8
4009,120.01
4010,116.45
4011,111.07
4012,110.0
4013,110.31
4014,108.05
4015,101.0
4016,95.6
4017,85.0
4018,69.99
4019,59.36
4020,48.4
4021,39.38
4022,56.08
4023,85.0
4024,101.52
4025,115.31
4026,137.79
4027,146.97
4028,155.0
4029,146.37
4030,136.65
4031,128.6
4032,118.39
4033,111.01
4034,108.86
4035,104.0
4036,102.59
4037,98.03
4038,92.06
4039,85.0
4040,78.13
4041,63.36
4042,53.65
4043,45.79
4044,29.38
4045,24.99
4046,48.98
4047,75.0
4048,93.63
4049,107.23
4050,131.1
4051,140.25
4052,137.47
4053,137.47
4054,117.62
4055,100.02
4056,93.72
4057,88.63
4058,89.72
4059,94.25
4060,95.95
4061,117.97
4062,134.13
4063,132.63
4064,115.65
4065,104.12
4066,97.27
4067,93.32
4068,90.06
4069,88.43
4070,94.23
4071,98.17
4072,110.08
4073,137.0
4074,170.31
4075,197.77
4076,178.48
4077,150.31
4078,135.13
4079,121.19
4080,110.72
4081,104.19
4082,101.37
4083,101.1
4084,106.69
4085,129.95
4086,145.38
4087,146.79
4088,130.94
4089,114.09
4090,105.61
4091,100.12
4092,95.65
4093,94.62
4094,101.18
4095,105.37
4096,118.64
4097,140.0
4098,160.59
4099,165.08
4100,150.0
4101,138.0
4102,120.27
4103,119.7
4104,110.79
4105,104.84
4106,103.93
4107,103.77
4108,107.03
4109,127.17
4110,137.67
4111,144.57
4112,126.2
4113,109.94
4114,103.01
4115,98.21
4116,94.79
4117,92.36
4118,97.88
4119,100.21
4120,113.66
4121,138.21
4122,167.51
4123,190.71
4124,181.22
4125,155.0
4126,134.88
4127,132.95
4128,123.52
4129,115.49
4130,111.34
4131,107.02
4132,115.75
4133,137.62
4134,152.72
4135,153.94
4136,130.12
4137,116.0
4138,107.74
4139,106.72
4140,106.79
4141,106.46
4142,106.81
4143,108.19
4144,125.77
4145,137.3
4146,157.43
4147,155.0
4148,147.18
4149,134.34
4150,120.87
4151,103.8
4152,95.2
4153,91.79
4154,91.28
4155,90.94
4156,94.56
4157,115.09
4158,128.94
4159,130.87
4160,121.65
4161,106.27
4162,98.1
4163,93.0
4164,86.87
4165,79.98
4166,79.3
4167,86.87
4168,97.0
4169,107.49
4170,129.66
4171,137.1
4172,134.99
4173,130.68
4174,122.32
4175,117.34
4176,109.72
4177,102.88
4178,100.31
4179,94.33
4180,92.51
4181,92.29
4182,92.3
4183,90.57
4184,81.69
4185,57.64
4186,25.0
4187,14.99
4188,1.9
4189,0.31
4190,10.0
4191,28.2
4192,80.98
4193,99.77
4194,129.95
4195,141.44
4196,150.72
4197,130.46
4198,118.31
4199,121.06
4200,113.0
4201,107.95
4202,106.49
4203,101.89
4204,101.93
4205,88.66
4206,79.37
4207,54.0
4208,32.55
4209,9.69
4210,0.1
4211,0.0
4212,-0.1
4213,-0.1
4214,-0.01
4215,9.69
4216,71.24
4217,106.54
4218,126.09
4219,153.81
4220,163.44
4221,145.3
4222,119.01
4223,119.09
4224,108.63
4225,95.6
4226,89.48
4227,87.63
4228,101.97
4229,128.0
4230,132.05
4231,120.58
4232,101.52
4233,87.9
4234,82.84
4235,74.92
4236,58.76
4237,50.93
4238,54.03
4239,64.32
4240,83.48
4241,97.0
4242,109.43
4243,118.0
4244,126.16
4245,129.37
4246,118.06
4247,114.23
4248,100.78
4249,93.22
4250,94.12
4251,89.27
4252,92.17
4253,115.29
4254,130.0
4255,127.05
4256,102.24
4257,90.0
4258,80.27
4259,72.27
4260,63.46
4261,68.12
4262,77.95
4263,89.05
4264,96.4
4265,113.57
4266,130.41
4267,134.79
4268,130.83
4269,125.06
4270,116.16
4271,98.08
4272,90.59
4273,87.09
4274,86.29
4275,87.24
4276,94.39
4277,116.03
4278,131.5
4279,128.15
4280,113.65
4281,101.89
4282,99.3
4283,101.18
4284,97.42
4285,95.59
4286,95.39
4287,97.6
4288,107.08
4289,128.92
4290,155.18
4291,167.62
4292,159.1
4293,140.0
4294,121.1
4295,119.46
4296,110.06
4297,101.72
4298,98.08
4299,99.92
4300,104.52
4301,121.81
4302,130.55
4303,130.31
4304,116.39
4305,105.95
4306,98.6
4307,99.84
4308,98.24
4309,98.6
4310,100.0
4311,101.12
4312,112.03
4313,131.26
4314,166.25
4315,171.58
4316,154.73
4317,141.81
4318,121.11
4319,115.6
4320,103.4
4321,96.56
4322,97.64
4323,96.11
4324,107.69
4325,126.75
4326,138.97
4327,133.41
4328,126.31
4329,109.86
4330,103.24
4331,100.86
4332,91.69
4333,88.46
4334,90.0
4335,92.01
4336,98.36
4337,109.73
4338,117.96
4339,133.43
4340,130.74
4341,122.39
4342,109.47
4343,109.74
4344,108.91
4345,104.31
4346,99.14
4347,98.11
4348,84.11
4349,78.63
4350,85.75
4351,78.03
4352,64.9
4353,43.79
4354,24.61
4355,16.83
4356,4.43
4357,0.07
4358,0.97
4359,12.31
4360,54.59
4361,77.14
4362,82.36
4363,89.6
4364,92.79
4365,92.97
4366,89.86
4367,16.45
4368,3.17
4369,0.01
4370,0.0
4371,-0.03
4372,-0.05
4373,-0.05
4374,-0.5
4375,-2.95
4376,-15.07
4377,-37.0
4378,-98.11
4379,-167.96
4380,-266.92
4381,-500.0
4382,-399.0
4383,-124.21
4384,-35.18
4385,-6.01
4386,4.83
4387,69.09
4388,85.61
4389,94.9
4390,86.08
4391,66.0
4392,43.5
4393,24.09
4394,10.26
4395,15.8
4396,54.0
4397,86.0
4398,110.89
4399,104.91
4400,61.71
4401,1.0
4402,-0.06
4403,-2.9
4404,-5.68
4405,-4.99
4406,-2.75
4407,-0.07
4408,22.5
4409,88.35
4410,116.38
4411,124.54
4412,128.09
4413,121.23
4414,114.5
4415,96.47
4416,80.8
4417,71.0
4418,64.38
4419,71.51
4420,85.09
4421,113.73
4422,119.97
4423,113.29
4424,76.08
4425,33.64
4426,10.08
4427,0.07
4428,0.06
4429,9.91
4430,39.22
4431,83.84
4432,93.68
4433,116.9
4434,148.2
4435,173.99
4436,171.93
4437,145.03
4438,124.09
4439,124.32
4440,110.41
4441,94.76
4442,86.81
4443,67.3
4444,67.87
4445,76.64
4446,92.59
4447,98.35
4448,82.4
4449,73.44
4450,38.2
4451,0.05
4452,-3.09
4453,-9.93
4454,-9.9
4455,-3.52
4456,23.33
4457,83.2
4458,104.61
4459,118.44
4460,122.75
4461,121.34
4462,114.81
4463,91.62
4464,84.0
4465,82.4
4466,83.05
4467,85.01
4468,94.37
4469,113.75
4470,126.29
4471,124.85
4472,110.97
4473,95.03
4474,86.29
4475,78.17
4476,76.42
4477,78.15
4478,84.05
4479,88.1
4480,98.83
4481,116.42
4482,150.6
4483,184.13
4484,183.86
4485,137.57
4486,118.98
4487,114.0
4488,103.88
4489,97.6
4490,95.93
4491,98.01
4492,101.94
4493,135.47
4494,121.7
4495,108.83
4496,91.79
4497,84.0
4498,79.12
4499,74.9
4500,66.57
4501,64.98
4502,66.18
4503,80.29
4504,90.0
4505,117.65
4506,146.78
4507,173.24
4508,139.54
4509,117.27
4510,101.56
4511,100.27
4512,92.14
4513,89.97
4514,87.06
4515,88.84
4516,88.57
4517,84.94
4518,85.26
4519,83.77
4520,76.04
4521,60.9
4522,46.32
4523,35.22
4524,16.71
4525,16.73
4526,40.0
4527,60.9
4528,83.4
4529,107.3
4530,121.0
4531,128.76
4532,132.86
4533,129.72
4534,115.92
4535,109.44
4536,101.74
4537,101.82
4538,95.44
4539,95.79
4540,96.92
4541,94.68
4542,91.2
4543,86.24
4544,77.11
4545,60.15
4546,50.12
4547,45.69
4548,36.99
4549,44.85
4550,55.15
4551,72.99
4552,82.4
4553,105.1
4554,122.21
4555,132.12
4556,134.1
4557,132.12
4558,119.6
4559,112.49
4560,102.0
4561,94.3
4562,91.94
4563,93.31
4564,105.14
4565,121.67
4566,132.78
4567,134.27
4568,117.95
4569,105.28
4570,94.99
4571,89.23
4572,80.16
4573,74.48
4574,72.22
4575,81.46
4576,91.14
4577,122.67
4578,165.49
4579,176.01
4580,180.07
4581,162.92
4582,133.7
4583,124.41
4584,115.74
4585,105.29
4586,100.68
4587,99.7
4588,112.74
4589,123.55
4590,125.39
4591,120.95
4592,105.1
4593,93.82
4594,81.09
4595,57.76
4596,46.39
4597,47.39
4598,66.65
4599,88.22
4600,95.41
4601,121.58
4602,172.01
4603,180.99
4604,135.0
4605,119.95
4606,103.18
4607,98.47
4608,91.0
4609,90.0
4610,82.09
4611,83.58
4612,85.13
4613,102.05
4614,118.04
4615,120.0
4616,104.84
4617,86.36
4618,69.77
4619,15.87
4620,12.92
4621,19.33
4622,27.03
4623,53.97
4624,82.52
4625,99.36
4626,119.38
4627,146.26
4628,151.89
4629,126.41
4630,113.91
4631,105.09
4632,97.03
4633,95.04
4634,92.25
4635,92.1
4636,93.63
4637,107.39
4638,122.29
4639,119.1
4640,104.51
4641,91.17
4642,84.14
4643,77.3
4644,60.78
4645,50.02
4646,62.13
4647,76.3
4648,87.57
4649,93.7
4650,117.36
4651,130.86
4652,137.89
4653,129.67
4654,117.72
4655,101.0
4656,96.36
4657,92.91
4658,94.01
4659,93.35
4660,99.35
4661,114.0
4662,114.0
4663,103.76
4664,85.07
4665,79.71
4666,76.54
4667,73.95
4668,69.99
4669,75.13
4670,80.05
4671,85.1
4672,97.46
4673,115.25
4674,140.19
4675,139.92
4676,123.92
4677,95.25
4678,80.94
4679,72.28
4680,53.46
4681,29.15
4682,19.95
4683,16.98
4684,13.69
4685,19.9
4686,22.6
4687,29.95
4688,17.41
4689,4.6
4690,0.0
4691,-0.02
4692,-0.13
4693,-1.03
4694,-0.1
4695,0.02
4696,15.54
4697,74.51
4698,84.18
4699,88.36
4700,83.63
4701,83.02
4702,71.82
4703,56.94
4704,19.7
4705,2.68
4706,0.07
4707,0.0
4708,-0.42
4709,-2.07
4710,-1.1
4711,-2.09
4712,-9.92
4713,-19.34
4714,-24.8
4715,-38.39
4716,-50.09
4717,-60.04
4718,-48.31
4719,-26.57
4720,-5.01
4721,30.61
4722,92.51
4723,100.76
4724,109.21
4725,114.38
4726,110.0
4727,109.26
4728,102.17
4729,95.19
4730,88.1
4731,90.59
4732,97.23
4733,120.02
4734,129.66
4735,112.47
4736,94.14
4737,77.9
4738,45.07
4739,0.88
4740,0.63
4741,0.0
4742,7.18
4743,48.72
4744,75.51
4745,85.28
4746,106.52
4747,119.78
4748,124.31
4749,125.0
4750,110.44
4751,100.05
4752,96.3
4753,87.79
4754,86.92
4755,88.04
4756,96.35
4757,103.39
4758,114.25
4759,110.0
4760,93.22
4761,82.74
4762,78.81
4763,79.16
4764,81.18
4765,90.03
4766,89.94
4767,87.5
4768,96.78
4769,121.62
4770,168.26
4771,188.0
4772,163.8
4773,139.26
4774,111.76
4775,108.11
4776,101.0
4777,97.25
4778,96.85
4779,98.08
4780,104.43
4781,126.44
4782,124.99
4783,117.81
4784,99.9
4785,88.48
4786,80.74
4787,76.83
4788,68.66
4789,62.47
4790,62.24
4791,71.55
4792,75.82
4793,94.32
4794,112.81
4795,128.58
4796,123.87
4797,113.79
4798,100.59
4799,98.13
4800,94.35
4801,83.29
4802,82.86
4803,86.09
4804,86.36
4805,99.51
4806,113.95
4807,111.45
4808,98.87
4809,86.72
4810,79.16
4811,77.62
4812,69.41
4813,69.97
4814,74.11
4815,76.51
4816,85.45
4817,102.54
4818,126.15
4819,143.55
4820,139.3
4821,121.46
4822,109.4
4823,102.07
4824,99.67
4825,96.31
4826,94.46
4827,96.76
4828,100.67
4829,122.13
4830,153.77
4831,123.26
4832,103.09
4833,97.9
4834,92.93
4835,92.42
4836,84.49
4837,83.95
4838,83.92
4839,89.27
4840,96.46
4841,103.06
4842,124.9
4843,132.38
4844,124.99
4845,109.97
4846,96.77
4847,97.27
4848,98.42
4849,93.0
4850,94.36
4851,89.93
4852,88.0
4853,88.8
4854,86.18
4855,82.93
4856,72.01
4857,59.08
4858,46.56
4859,40.15
4860,22.34
4861,19.52
4862,29.05
4863,46.92
4864,70.67
4865,86.01
4866,99.92
4867,106.83
4868,118.75
4869,106.43
4870,98.49
4871,87.3
4872,79.27
4873,67.89
4874,33.22
4875,15.78
4876,11.09
4877,5.08
4878,2.88
4879,3.42
4880,0.09
4881,0.0
4882,-0.03
4883,-0.05
4884,-7.78
4885,-12.17
4886,-7.03
4887,-3.81
4888,0.0
4889,28.93
4890,66.78
4891,87.24
4892,91.76
4893,99.66
4894,92.64
4895,77.14
4896,70.02
4897,68.99
4898,72.01
4899,72.09
4900,87.11
4901,102.59
4902,113.97
4903,115.08
4904,105.0
4905,99.94
4906,94.62
4907,87.45
4908,81.59
4909,74.97
4910,67.27
4911,63.73
4912,77.06
4913,97.68
4914,106.96
4915,118.46
4916,113.99
4917,102.97
4918,102.03
4919,96.0
4920,86.55
4921,84.95
4922,86.83
4923,88.07
4924,97.49
4925,114.05
4926,150.45
4927,151.9
4928,113.74
4929,102.65
4930,100.92
4931,98.27
4932,90.12
4933,87.58
4934,88.88
4935,90.12
4936,92.71
4937,112.01
4938,122.98
4939,119.04
4940,116.55
4941,109.35
4942,98.5
4943,97.96
4944,89.31
4945,86.26
4946,79.65
4947,79.64
4948,86.83
4949,101.77
4950,114.9
4951,120.75
4952,103.85
4953,95.68
4954,89.52
4955,86.04
4956,78.63
4957,74.67
4958,69.43
4959,80.82
4960,88.97
4961,100.06
4962,115.22
4963,120.58
4964,118.04
4965,110.23
4966,97.06
4967,98.36
4968,82.69
4969,76.0
4970,71.06
4971,72.0
4972,80.48
4973,96.9
4974,103.58
4975,104.3
4976,99.12
4977,96.8
4978,90.9
4979,86.45
4980,80.01
4981,78.33
4982,81.35
4983,93.89
4984,107.26
4985,114.91
4986,116.95
4987,109.97
4988,108.12
4989,105.56
4990,98.88
4991,88.63
4992,79.59
4993,78.13
4994,79.2
4995,80.02
4996,89.53
4997,100.09
4998,111.12
4999,112.99
5000,107.87
5001,99.54
5002,93.0
5003,85.9
5004,80.0
5005,75.65
5006,76.1
5007,80.0
5008,94.27
5009,103.59
5010,122.44
5011,130.0
5012,121.78
5013,111.09
5014,101.53
5015,103.09
5016,94.48
5017,91.17
5018,85.66
5019,88.97
5020,87.03
5021,85.7
5022,87.91
5023,85.79
5024,81.71
5025,75.5
5026,63.75
5027,58.66
5028,40.48
5029,18.2
5030,19.67
5031,49.18
5032,58.66
5033,79.54
5034,92.28
5035,99.93
5036,100.74
5037,99.93
5038,92.18
5039,84.5
5040,74.9
5041,67.81
5042,57.79
5043,51.6
5044,51.7
5045,47.34
5046,37.0
5047,29.82
5048,8.48
5049,-0.01
5050,-0.26
5051,-16.69
5052,-44.93
5053,-46.61
5054,-40.02
5055,-19.94
5056,-1.0
5057,16.22
5058,74.37
5059,84.47
5060,88.46
5061,87.06
5062,70.05
5063,61.03
5064,50.51
5065,44.09
5066,30.3
5067,28.91
5068,50.31
5069,78.18
5070,86.58
5071,88.16
5072,86.0
5073,74.16
5074,67.49
5075,65.18
5076,59.65
5077,59.14
5078,59.94
5079,67.66
5080,75.97
5081,89.68
5082,98.21
5083,99.97
5084,99.25
5085,95.26
5086,87.63
5087,68.01
5088,58.86
5089,57.86
5090,56.94
5091,57.9
5092,63.4
5093,91.8
5094,94.44
5095,99.0
5096,92.19
5097,92.72
5098,87.27
5099,79.22
5100,69.92
5101,60.12
5102,57.27
5103,56.96
5104,68.5
5105,81.74
5106,96.05
5107,108.83
5108,111.94
5109,102.55
5110,92.78
5111,89.38
5112,77.54
5113,69.62
5114,67.07
5115,70.23
5116,87.16
5117,103.61
5118,111.96
5119,98.37
5120,89.38
5121,79.07
5122,64.5
5123,52.02
5124,33.08
5125,24.88
5126,21.24
5127,29.15
5128,52.56
5129,69.26
5130,83.92
5131,81.87
5132,78.77
5133,65.7
5134,38.57
5135,19.97
5136,9.51
5137,3.44
5138,5.61
5139,7.2
5140,24.8
5141,47.38
5142,63.0
5143,70.0
5144,58.9
5145,45.45
5146,34.52
5147,27.01
5148,21.25
5149,17.43
5150,17.7
5151,21.94
5152,45.01
5153,79.78
5154,95.26
5155,96.6
5156,96.81
5157,94.38
5158,87.0
5159,90.14
5160,83.85
5161,80.92
5162,79.25
5163,82.77
5164,88.18
5165,108.68
5166,123.76
5167,120.67
5168,105.07
5169,95.16
5170,90.68
5171,86.92
5172,80.81
5173,77.84
5174,77.08
5175,82.89
5176,95.04
5177,103.46
5178,134.86
5179,139.8
5180,128.95
5181,111.0
5182,98.49
5183,101.55
5184,94.9
5185,92.58
5186,90.3
5187,90.24
5188,90.54
5189,94.7
5190,93.03
5191,93.19
5192,89.0
5193,80.1
5194,75.18
5195,65.01
5196,58.91
5197,58.04
5198,65.85
5199,79.73
5200,99.16
5201,107.62
5202,123.1
5203,128.99
5204,109.23
5205,99.08
5206,87.34
5207,89.1
5208,88.09
5209,79.07
5210,79.08
5211,75.06
5212,84.0
5213,75.1
5214,68.61
5215,67.46
5216,61.11
5217,49.09
5218,43.85
5219,33.92
5220,12.07
5221,11.96
5222,9.09
5223,12.1
5224,35.17
5225,62.03
5226,72.61
5227,76.85
5228,77.15
5229,71.86
5230,55.4
5231,54.4
5232,47.57
5233,30.83
5234,7.01
5235,3.55
5236,0.03
5237,66.32
5238,73.38
5239,65.14
5240,44.94
5241,4.37
5242,1.0
5243,-0.01
5244,-0.81
5245,-4.31
5246,-9.99
5247,-4.32
5248,-0.04
5249,0.16
5250,13.69
5251,30.71
5252,41.83
5253,1.07
5254,-0.07
5255,-4.28
5256,-6.03
5257,-6.2
5258,-5.92
5259,-3.74
5260,-2.09
5261,0.09
5262,14.32
5263,-0.09
5264,-2.7
5265,-6.77
5266,-13.18
5267,-15.73
5268,-20.09
5269,-21.77
5270,-16.1
5271,-8.9
5272,-0.82
5273,1.07
5274,87.59
5275,83.96
5276,89.18
5277,87.59
5278,59.98
5279,79.9
5280,72.16
5281,70.03
5282,67.81
5283,74.12
5284,83.95
5285,98.16
5286,105.7
5287,106.44
5288,99.65
5289,88.97
5290,81.65
5291,62.62
5292,61.51
5293,42.02
5294,57.49
5295,67.7
5296,88.0
5297,99.45
5298,118.91
5299,139.08
5300,131.62
5301,122.47
5302,100.96
5303,96.27
5304,91.99
5305,89.15
5306,79.98
5307,88.82
5308,93.0
5309,134.27
5310,192.61
5311,110.21
5312,96.9
5313,82.19
5314,67.04
5315,67.05
5316,39.07
5317,44.92
5318,65.57
5319,80.01
5320,93.38
5321,102.88
5322,171.76
5323,203.8
5324,144.49
5325,115.49
5326,101.29
5327,111.31
5328,106.39
5329,104.77
5330,99.75
5331,102.29
5332,106.8
5333,143.29
5334,143.29
5335,115.07
5336,100.2
5337,84.51
5338,73.69
5339,41.42
5340,30.19
5341,32.21
5342,58.01
5343,84.58
5344,97.98
5345,112.78
5346,140.81
5347,166.66
5348,133.0
5349,117.88
5350,103.78
5351,103.54
5352,98.2
5353,97.7
5354,95.92
5355,93.91
5356,98.92
5357,95.49
5358,100.0
5359,99.54
5360,87.5
5361,76.25
5362,67.06
5363,51.64
5364,24.51
5365,6.0
5366,6.92
5367,20.4
5368,67.58
5369,92.54
5370,106.47
5371,111.16
5372,112.28
5373,108.05
5374,101.66
5375,90.1
5376,84.6
5377,78.8
5378,69.66
5379,69.0
5380,72.02
5381,77.69
5382,76.74
5383,70.81
5384,50.39
5385,28.21
5386,14.13
5387,5.87
5388,1.06
5389,1.46
5390,6.76
5391,17.45
5392,72.66
5393,99.17
5394,108.17
5395,116.02
5396,120.0
5397,120.15
5398,114.09
5399,98.01
5400,89.63
5401,84.5
5402,88.37
5403,94.61
5404,110.38
5405,130.99
5406,142.87
5407,116.86
5408,99.07
5409,83.67
5410,77.31
5411,69.93
5412,63.68
5413,67.11
5414,74.1
5415,82.5
5416,101.69
5417,123.87
5418,177.79
5419,161.07
5420,130.86
5421,110.99
5422,101.06
5423,99.6
5424,92.65
5425,92.16
5426,89.96
5427,87.67
5428,92.71
5429,113.68
5430,135.0
5431,120.58
5432,94.7
5433,79.97
5434,73.98
5435,62.34
5436,30.98
5437,23.54
5438,45.85
5439,70.26
5440,96.02
5441,108.67
5442,126.06
5443,142.61
5444,133.04
5445,125.44
5446,107.89
5447,106.8
5448,97.45
5449,93.38
5450,94.47
5451,97.0
5452,99.5
5453,119.09
5454,146.01
5455,129.58
5456,109.51
5457,99.31
5458,94.44
5459,91.64
5460,86.91
5461,89.83
5462,93.11
5463,97.21
5464,110.79
5465,131.22
5466,156.1
5467,160.03
5468,136.1
5469,119.9
5470,99.99
5471,104.88
5472,98.38
5473,97.95
5474,95.14
5475,95.14
5476,102.4
5477,134.72
5478,136.4
5479,134.11
5480,115.2
5481,103.07
5482,95.21
5483,91.62
5484,89.98
5485,89.98
5486,94.09
5487,100.0
5488,113.45
5489,131.92
5490,150.63
5491,145.62
5492,128.88
5493,116.63
5494,107.3
5495,105.09
5496,101.76
5497,101.03
5498,103.17
5499,101.99
5500,104.41
5501,120.8
5502,140.63
5503,122.45
5504,106.85
5505,95.85
5506,89.05
5507,86.28
5508,82.85
5509,84.16
5510,89.17
5511,95.35
5512,108.26
5513,128.0
5514,161.38
5515,150.24
5516,127.47
5517,109.29
5518,100.23
5519,99.2
5520,95.88
5521,94.4
5522,93.64
5523,95.9
5524,95.9
5525,99.9
5526,90.21
5527,83.02
5528,79.37
5529,69.4
5530,41.83
5531,25.45
5532,14.86
5533,12.59
5534,25.01
5535,74.42
5536,100.45
5537,115.46
5538,130.15
5539,129.19
5540,132.53
5541,123.71
5542,112.54
5543,113.99
5544,110.59
5545,105.17
5546,105.02
5547,103.01
5548,104.61
5549,104.72
5550,99.69
5551,98.99
5552,86.62
5553,73.31
5554,44.0
5555,19.23
5556,13.25
5557,13.84
5558,33.81
5559,78.98
5560,95.1
5561,112.0
5562,128.8
5563,140.0
5564,139.54
5565,126.71
5566,111.95
5567,111.95
5568,101.67
5569,98.71
5570,95.07
5571,97.71
5572,106.22
5573,138.84
5574,160.93
5575,137.27
5576,115.13
5577,104.04
5578,96.77
5579,92.64
5580,89.96
5581,95.1
5582,95.57
5583,100.0
5584,118.67
5585,142.78
5586,186.73
5587,203.45
5588,166.35
5589,136.01
5590,115.0
5591,113.69
5592,104.94
5593,103.47
5594,103.61
5595,106.29
5596,112.51
5597,136.51
5598,150.87
5599,136.95
5600,115.91
5601,102.4
5602,99.67
5603,93.57
5604,92.58
5605,92.44
5606,97.16
5607,99.95
5608,108.94
5609,145.18
5610,192.83
5611,206.48
5612,166.3
5613,145.8
5614,127.6
5615,123.89
5616,112.67
5617,109.9
5618,106.38
5619,110.2
5620,115.11
5621,141.11
5622,162.0
5623,157.41
5624,136.5
5625,119.85
5626,111.75
5627,102.34
5628,98.86
5629,97.55
5630,104.63
5631,117.08
5632,144.2
5633,225.5
5634,276.12
5635,291.93
5636,240.79
5637,172.82
5638,138.67
5639,133.82
5640,124.95
5641,118.05
5642,114.58
5643,121.73
5644,136.28
5645,164.9
5646,165.62
5647,163.63
5648,131.97
5649,113.51
5650,108.94
5651,108.99
5652,107.48
5653,111.39
5654,116.03
5655,122.88
5656,158.97
5657,211.78
5658,264.91
5659,249.29
5660,187.64
5661,159.27
5662,130.09
5663,105.24
5664,96.34
5665,95.71
5666,95.9
5667,96.76
5668,103.0
5669,124.22
5670,135.12
5671,139.42
5672,129.03
5673,116.67
5674,110.61
5675,101.95
5676,100.0
5677,95.58
5678,93.27
5679,100.82
5680,122.02
5681,142.0
5682,161.26
5683,151.43
5684,138.13
5685,127.89
5686,107.89
5687,109.9
5688,104.1
5689,101.91
5690,99.52
5691,96.12
5692,93.63
5693,95.48
5694,95.9
5695,98.3
5696,92.64
5697,85.11
5698,80.38
5699,69.91
5700,46.27
5701,56.38
5702,80.53
5703,86.87
5704,95.0
5705,103.76
5706,123.82
5707,132.21
5708,135.02
5709,122.98
5710,110.63
5711,102.39
5712,98.31
5713,96.91
5714,96.0
5715,99.16
5716,98.07
5717,99.16
5718,96.32
5719,94.1
5720,94.92
5721,93.24
5722,93.98
5723,93.26
5724,87.6
5725,87.87
5726,89.06
5727,96.33
5728,105.62
5729,119.94
5730,129.13
5731,125.08
5732,127.14
5733,119.0
5734,102.99
5735,93.31
5736,88.52
5737,85.0
5738,80.66
5739,85.24
5740,93.35
5741,111.18
5742,140.51
5743,145.66
5744,124.55
5745,116.58
5746,114.86
5747,105.07
5748,100.25
5749,100.59
5750,117.58
5751,116.47
5752,150.15
5753,162.85
5754,174.96
5755,166.73
5756,142.4
5757,123.72
5758,107.94
5759,103.09
5760,96.97
5761,95.04
5762,95.04
5763,95.05
5764,98.81
5765,121.88
5766,147.16
5767,168.78
5768,150.84
5769,131.77
5770,116.98
5771,111.19
5772,102.85
5773,100.15
5774,107.64
5775,114.09
5776,140.63
5777,155.85
5778,171.81
5779,162.5
5780,136.68
5781,122.08
5782,102.81
5783,100.12
5784,98.6
5785,96.36
5786,94.57
5787,96.81
5788,97.68
5789,128.15
5790,144.13
5791,139.91
5792,124.7
5793,110.29
5794,99.3
5795,97.74
5796,95.58
5797,94.1
5798,96.65
5799,95.74
5800,115.33
5801,139.92
5802,169.01
5803,168.09
5804,134.4
5805,119.49
5806,101.59
5807,96.31
5808,91.76
5809,91.43
5810,90.81
5811,88.47
5812,91.43
5813,105.41
5814,141.51
5815,127.72
5816,114.13
5817,96.87
5818,92.0
5819,90.06
5820,88.04
5821,86.26
5822,87.01
5823,89.01
5824,99.72
5825,119.05
5826,148.55
5827,139.15
5828,125.5
5829,106.03
5830,96.89
5831,98.9
5832,95.97
5833,93.29
5834,93.07
5835,94.08
5836,97.2
5837,112.04
5838,128.43
5839,129.43
5840,111.3
5841,102.22
5842,96.52
5843,92.02
5844,88.9
5845,89.23
5846,92.02
5847,96.57
5848,107.61
5849,127.15
5850,151.52
5851,147.34
5852,127.7
5853,118.56
5854,114.65
5855,107.46
5856,102.7
5857,100.0
5858,95.9
5859,96.4
5860,100.2
5861,101.02
5862,101.09
5863,100.22
5864,94.58
5865,89.77
5866,79.9
5867,76.0
5868,62.99
5869,55.35
5870,69.4
5871,80.01
5872,93.45
5873,110.0
5874,121.79
5875,126.8
5876,115.19
5877,105.64
5878,97.34
5879,105.28
5880,101.03
5881,101.94
5882,101.64
5883,100.37
5884,99.03
5885,98.18
5886,94.43
5887,89.54
5888,82.8
5889,60.3
5890,43.43
5891,21.37
5892,11.33
5893,4.94
5894,15.71
5895,53.66
5896,94.43
5897,110.03
5898,125.19
5899,138.59
5900,119.32
5901,109.83
5902,101.17
5903,100.85
5904,94.49
5905,93.14
5906,93.59
5907,93.19
5908,103.38
5909,127.33
5910,144.33
5911,129.92
5912,109.36
5913,92.88
5914,82.07
5915,77.65
5916,72.51
5917,72.04
5918,80.4
5919,90.97
5920,109.58
5921,138.44
5922,198.28
5923,172.77
5924,124.95
5925,105.01
5926,95.56
5927,94.48
5928,92.13
5929,91.34
5930,91.08
5931,91.65
5932,95.6
5933,120.0
5934,126.0
5935,118.16
5936,97.78
5937,88.0
5938,81.85
5939,75.9
5940,75.05
5941,77.13
5942,83.0
5943,88.51
5944,103.26
5945,129.1
5946,184.87
5947,154.53
5948,121.95
5949,107.61
5950,96.03
5951,88.89
5952,85.52
5953,90.53
5954,92.12
5955,92.48
5956,102.98
5957,122.71
5958,141.99
5959,119.19
5960,97.73
5961,88.65
5962,82.1
5963,75.17
5964,73.43
5965,75.48
5966,82.5
5967,91.44
5968,105.87
5969,145.83
5970,189.83
5971,166.04
5972,123.13
5973,105.5
5974,95.72
5975,95.42
5976,91.37
5977,89.08
5978,84.01
5979,87.84
5980,92.09
5981,116.02
5982,130.0
5983,126.0
5984,102.68
5985,88.22
5986,82.7
5987,73.53
5988,65.2
5989,70.18
5990,82.0
5991,88.3
5992,103.14
5993,133.53
5994,167.27
5995,146.73
5996,118.0
5997,101.4
5998,88.95
5999,84.62
6000,81.52
6001,82.06
6002,82.1
6003,87.42
6004,93.55
6005,112.89
6006,133.76
6007,122.52
6008,100.18
6009,89.87
6010,82.48
6011,75.1
6012,70.91
6013,72.57
6014,80.23
6015,88.41
6016,107.9
6017,171.82
6018,230.0
6019,195.55
6020,132.08
6021,113.93
6022,105.98
6023,105.2
6024,102.47
6025,100.01
6026,100.0
6027,100.85
6028,101.33
6029,103.83
6030,104.04
6031,96.09
6032,89.77
6033,78.79
6034,65.53
6035,20.52
6036,5.19
6037,10.39
6038,57.89
6039,78.8
6040,97.75
6041,121.3
6042,154.21
6043,156.51
6044,131.78
6045,110.9
6046,103.16
6047,105.85
6048,104.33
6049,103.63
6050,100.79
6051,96.81
6052,98.72
6053,99.35
6054,97.25
6055,93.35
6056,89.06
6057,56.08
6058,18.0
6059,8.28
6060,0.03
6061,0.0
6062,26.33
6063,79.0
6064,100.24
6065,121.19
6066,150.6
6067,151.9
6068,131.57
6069,113.93
6070,100.86
6071,105.0
6072,97.38
6073,96.03
6074,93.05
6075,94.75
6076,104.21
6077,146.61
6078,179.21
6079,136.44
6080,113.0
6081,95.16
6082,89.17
6083,87.67
6084,86.45
6085,89.0
6086,92.53
6087,100.18
6088,132.93
6089,266.71
6090,524.27
6091,448.13
6092,223.11
6093,147.83
6094,119.94
6095,106.36
6096,105.14
6097,105.87
6098,105.63
6099,106.36
6100,116.14
6101,153.57
6102,228.99
6103,146.98
6104,123.22
6105,112.33
6106,101.59
6107,96.46
6108,93.59
6109,97.08
6110,99.9
6111,109.17
6112,140.41
6113,190.53
6114,284.02
6115,185.62
6116,136.62
6117,115.55
6118,93.77
6119,106.45
6120,99.9
6121,97.86
6122,93.76
6123,93.49
6124,97.92
6125,124.74
6126,139.71
6127,137.72
6128,124.91
6129,103.21
6130,96.86
6131,93.97
6132,92.83
6133,92.02
6134,95.3
6135,96.02
6136,104.39
6137,124.98
6138,153.5
6139,141.67
6140,122.79
6141,106.41
6142,98.07
6143,96.3
6144,94.88
6145,98.74
6146,100.5
6147,99.29
6148,104.74
6149,142.15
6150,181.22
6151,155.77
6152,118.02
6153,96.82
6154,91.59
6155,91.25
6156,89.66
6157,88.14
6158,89.7
6159,94.16
6160,116.84
6161,173.01
6162,235.74
6163,185.8
6164,133.34
6165,114.14
6166,99.37
6167,100.89
6168,97.01
6169,96.4
6170,97.64
6171,99.2
6172,99.43
6173,138.64
6174,150.87
6175,125.07
6176,104.38
6177,93.58
6178,89.46
6179,78.57
6180,62.89
6181,71.19
6182,84.88
6183,93.4
6184,114.67
6185,155.21
6186,189.87
6187,142.75
6188,112.65
6189,102.04
6190,95.77
6191,96.24
6192,94.02
6193,92.52
6194,91.56
6195,94.72
6196,92.75
6197,103.47
6198,110.88
6199,101.67
6200,90.79
6201,79.0
6202,64.97
6203,54.48
6204,32.44
6205,34.4
6206,74.46
6207,87.44
6208,108.16
6209,133.56
6210,181.24
6211,143.62
6212,117.49
6213,105.03
6214,99.9
6215,108.99
6216,105.35
6217,104.67
6218,100.58
6219,101.7
6220,99.16
6221,98.97
6222,103.33
6223,93.82
6224,83.16
6225,70.79
6226,39.81
6227,21.21
6228,4.08
6229,4.3
6230,38.7
6231,78.34
6232,108.76
6233,132.0
6234,151.9
6235,126.81
6236,118.25
6237,108.91
6238,99.18
6239,93.97
6240,88.47
6241,81.73
6242,85.02
6243,87.82
6244,93.67
6245,117.21
6246,133.49
6247,128.81
6248,105.85
6249,90.65
6250,74.3
6251,56.2
6252,30.44
6253,38.46
6254,73.88
6255,90.67
6256,116.01
6257,139.43
6258,161.78
6259,125.63
6260,106.57
6261,93.39
6262,73.81
6263,1.01
6264,-0.01
6265,-0.04
6266,-0.05
6267,-0.02
6268,0.83
6269,70.27
6270,104.27
6271,109.52
6272,85.89
6273,8.5
6274,-0.08
6275,-3.49
6276,-5.34
6277,-5.74
6278,-2.95
6279,-0.08
6280,46.88
6281,97.16
6282,114.42
6283,109.64
6284,86.79
6285,66.81
6286,16.35
6287,-0.01
6288,-0.1
6289,-0.1
6290,0.03
6291,1.01
6292,10.0
6293,88.29
6294,102.06
6295,105.64
6296,81.15
6297,7.61
6298,-0.05
6299,-3.33
6300,-5.34
6301,-4.74
6302,-2.03
6303,3.93
6304,88.42
6305,138.65
6306,195.86
6307,122.4
6308,95.3
6309,86.16
6310,76.18
6311,76.13
6312,72.87
6313,56.83
6314,39.43
6315,56.83
6316,73.6
6317,99.57
6318,117.68
6319,115.82
6320,102.9
6321,92.06
6322,77.0
6323,73.3
6324,76.02
6325,84.92
6326,93.8
6327,105.82
6328,124.04
6329,195.89
6330,274.42
6331,154.8
6332,114.8
6333,100.1
6334,94.75
6335,88.31
6336,87.16
6337,88.05
6338,88.76
6339,90.99
6340,91.66
6341,112.62
6342,138.03
6343,135.76
6344,118.31
6345,99.64
6346,90.93
6347,85.65
6348,77.78
6349,74.2
6350,79.01
6351,88.24
6352,107.0
6353,136.45
6354,159.9
6355,133.45
6356,114.59
6357,105.93
6358,103.06
6359,109.04
6360,101.43
6361,97.05
6362,91.72
6363,89.43
6364,91.78
6365,98.88
6366,107.2
6367,109.99
6368,104.68
6369,90.75
6370,84.9
6371,79.89
6372,70.55
6373,53.09
6374,71.0
6375,78.98
6376,102.02
6377,129.67
6378,156.19
6379,145.0
6380,117.91
6381,106.92
6382,100.4
6383,98.71
6384,87.24
6385,77.73
6386,77.87
6387,82.91
6388,90.73
6389,94.61
6390,94.06
6391,91.22
6392,59.36
6393,1.06
6394,0.85
6395,-0.03
6396,-2.62
6397,-2.66
6398,-0.08
6399,5.22
6400,98.03
6401,133.9
6402,157.09
6403,134.98
6404,105.0
6405,93.53
6406,72.85
6407,34.63
6408,10.0
6409,1.09
6410,0.08
6411,0.49
6412,50.15
6413,109.36
6414,139.15
6415,143.0
6416,118.32
6417,93.81
6418,89.01
6419,76.07
6420,76.11
6421,84.09
6422,92.06
6423,97.46
6424,125.92
6425,200.09
6426,379.59
6427,249.39
6428,136.34
6429,122.91
6430,110.17
6431,114.16
6432,107.99
6433,104.93
6434,104.58
6435,104.57
6436,107.99
6437,152.26
6438,288.55
6439,166.98
6440,117.75
6441,100.41
6442,95.27
6443,91.08
6444,82.95
6445,89.87
6446,98.02
6447,104.51
6448,135.48
6449,180.24
6450,246.82
6451,160.34
6452,126.27
6453,108.06
6454,101.28
6455,105.51
6456,102.0
6457,102.55
6458,102.05
6459,100.45
6460,108.62
6461,141.76
6462,259.77
6463,175.5
6464,128.79
6465,102.33
6466,93.26
6467,90.2
6468,87.34
6469,89.22
6470,94.04
6471,109.25
6472,149.91
6473,194.93
6474,214.7
6475,142.08
6476,107.82
6477,96.38
6478,89.09
6479,88.36
6480,84.05
6481,72.95
6482,74.84
6483,80.87
6484,92.88
6485,115.35
6486,126.25
6487,129.56
6488,110.85
6489,93.36
6490,88.56
6491,83.48
6492,82.0
6493,87.7
6494,92.02
6495,99.89
6496,132.63
6497,184.85
6498,265.8
6499,156.51
6500,128.26
6501,118.42
6502,111.03
6503,108.5
6504,97.93
6505,95.55
6506,92.0
6507,94.03
6508,100.68
6509,128.45
6510,137.92
6511,130.05
6512,106.82
6513,92.07
6514,87.37
6515,82.05
6516,72.44
6517,77.04
6518,90.7
6519,96.47
6520,112.01
6521,130.05
6522,140.47
6523,132.94
6524,113.4
6525,106.57
6526,101.07
6527,90.95
6528,88.89
6529,88.78
6530,88.72
6531,88.28
6532,92.1
6533,105.3
6534,109.46
6535,110.05
6536,104.97
6537,87.52
6538,70.53
6539,42.76
6540,8.76
6541,15.04
6542,56.0
6543,85.01
6544,107.7
6545,136.41
6546,163.9
6547,134.1
6548,112.4
6549,107.4
6550,101.04
6551,102.73
